"排序","一级分类","二级分类","评估项目","操作描述","所需材料","适用年龄","是否必答","评分_a_分值","评分_a_标签","评分_a_说明","评分_b_分值","评分_b_标签","评分_b_说明","评分_c_分值","评分_c_标签","评分_c_说明","评分_d_分值","评分_d_标签","评分_d_说明","评分_e_分值","评分_e_标签","评分_e_说明"
"1","发展副测验","小肌肉-FM","旋开瓶盖","","肥皂泡液(有盖)","","是","0","不通过","","1","萌芽","","2","通过","","","","","","",""
"2","发展副测验","小肌肉-FM","吹肥皂泡","","肥皂泡液(有盖)","","是","0","不通过","","1","萌芽","","2","通过","","","","","","",""
"3","发展副测验","认知(语言/语前)-CVP","目光追视","","肥皂泡液(有盖)","","是","0","不通过","","1","萌芽","","2","通过","","","","","","",""
"4","发展副测验","认知(语言/语前)-CVP","目光追视跨越中线","","肥皂泡液(有盖)","","是","0","不通过","","1","萌芽","","2","通过","","","","","","",""
"5","发展副测验","认知(语言/语前)-CVP","检视触觉块","无兴趣/怪异兴趣","触觉块","","是","0","不通过","","1","萌芽","","2","通过","","","","","","",""
"6","发展副测验","模仿(视觉/动作)-VMI","使用万花筒","观看____扭动____\n观看+扭动____","万花筒","","是","0","不通过","","1","萌芽","","2","通过","","","","","","",""
"7","发展副测验","认知(语言/语前)-CVP","表现出能够使用惯用眼","惯用眼: 左/右\n第1次观察____\n第2次观察____","万花筒","","是","0","不通过","","1","萌芽","","2","通过","","","","","","",""
"8","发展副测验","认知(语言/语前)-CVP","转向手摇铃声","","手摇铃","","是","0","不通过","","1","萌芽","","2","通过","","","","","","",""
"9","发展副测验","模仿(视觉/动作)-VMI","模仿按动响铃2次","第1次尝试____\n第2次尝试____","响铃","","是","0","不通过","","1","萌芽","","2","通过","","","","","","",""
"10","发展副测验","小肌肉-FM","手指插入胶泥并做出凹位","","胶泥及竹棒","","是","0","不通过","","1","萌芽","","2","通过","","","","","","",""
"11","发展副测验","小肌肉-FM","抓握竹棒","","胶泥及竹棒","","是","0","不通过","","1","萌芽","","2","通过","","","","","","",""
"12","发展副测验","模仿(视觉/动作)-VMI","听生日歌假装吹蜡烛","","胶泥及竹棒","","是","0","不通过","","1","萌芽","","2","通过","","","","","","",""
"13","发展副测验","模仿(视觉/动作)-VMI","享受音乐","","胶泥及竹棒","","是","0","不通过","","1","萌芽","","2","通过","","","","","","",""
"14","发展副测验","小肌肉-FM","搓胶泥条","","胶泥及竹棒","","是","0","不通过","","1","萌芽","","2","通过","","","","","","",""
"15","发展副测验","小肌肉-FM","操控手偶","","手偶及物件","","是","0","不通过","","1","萌芽","","2","通过","","","","","","",""
"16","发展副测验","小肌肉-FM","利用手偶模仿日常动作","喂食____饮水____\n刷牙____抹鼻____","手偶及物件","","是","0","不通过","","1","萌芽","","2","通过","","","","","","",""
"17","发展副测验","语言表达-EL","指出手偶的3个身体部位","眼____耳____\n口____鼻____","手偶及物件","","是","0","不通过","","1","萌芽","","2","通过","","","","","","",""
"18","发展副测验","语言表达-EL","指出3个自己的身体部位","眼____耳____\n口____鼻____","手偶及物件","","是","0","不通过","","1","萌芽","","2","通过","","","","","","",""
"19","发展副测验","语言表达-EL","使用两个手偶演出故事","","手偶及物件","","是","0","不通过","","1","萌芽","","2","通过","","","","","","",""
"20","行为副测验","社交互动-SR","与手偶作假想游戏","","手偶及物件","","是","0","严重","","1","轻微","","2","恰当","","","","","","",""
"21","发展副测验","认知(语言/语前)-CVP","指示出3块拼块的正确位置","三角形____圆形____\n正方形____","几何形状拼板","","是","0","不通过","","1","萌芽","","2","通过","","","","","","",""
"22","发展副测验","认知(语言/语前)-CVP","完成形状拼板","三角形____圆形____\n正方形____","几何形状拼板","","是","0","不通过","","1","萌芽","","2","通过","","","","","","",""
"23","发展副测验","语言表达-EL","说出形状名称","三角形____圆形____\n正方形____","几何形状拼板","","是","0","不通过","","1","萌芽","","2","通过","","","","","","",""
"24","发展副测验","语言理解-RL","挑选形状","三角形____圆形____\n正方形____","几何形状拼板","","是","0","不通过","","1","萌芽","","2","通过","","","","","","",""
"25","发展副测验","认知(语言/语前)-CVP","完成4块物件拼板","小鸡____雨伞____\n蝴蝶____雪梨____","物件拼版（雨伞、小鸡、蝴蝶及雪梨）","","是","0","不通过","","1","萌芽","","2","通过","","","","","","",""
"26","发展副测验","认知(语言/语前)-CVP","跨越中线取拼块","","物件拼版（雨伞、小鸡、蝴蝶及雪梨）","","是","0","不通过","","1","萌芽","","2","通过","","","","","","",""
"27","发展副测验","认知(语言/语前)-CVP","指示出3块手套拼块的正确位置","大____中____小____","大小拼块：手套","","是","0","不通过","","1","萌芽","","2","通过","","","","","","",""
"28","发展副测验","认知(语言/语前)-CVP","完成手套拼板","大____中____小____","大小拼块：手套","","是","0","不通过","","1","萌芽","","2","通过","","","","","","",""
"29","发展副测验","认知(语言/语前)-CVP","说出物件大小","第1次: 大____小____\n第2次: 大____小____","大小拼块：手套","","是","0","不通过","","1","萌芽","","2","通过","","","","","","",""
"30","发展副测验","语言理解-RL","挑选大小物件","第1次: 大____小____\n第2次: 大____小____","大小拼块：手套","","是","0","不通过","","1","萌芽","","2","通过","","","","","","",""
"31","发展副测验","认知(语言/语前)-CVP","指示出拼块正确的位置","自行/需示范\n完成块数:____","相连拼图：猫","","是","0","不通过","","1","萌芽","","2","通过","","","","","","",""
"32","发展副测验","认知(语言/语前)-CVP","紧扣4块猫拼图","紧扣____块","相连拼图：猫","","是","0","不通过","","1","萌芽","","2","通过","","","","","","",""
"33","发展副测验","认知(语言/语前)-CVP","完成6块牛拼图","自行/需示范\n完成块数:____","6块牛拼图：牛","","是","0","不通过","","1","萌芽","","2","通过","","","","","","",""
"34","发展副测验","认知(语言/语前)-CVP","拼出8块的男孩拼图","头____头发____\n双眼____鼻____\n口____身____\n脚____","磁石板及男孩磁石拼块","","是","0","不通过","","1","萌芽","","2","通过","","","","","","",""
"35","发展副测验","认知(语言/语前)-CVP","模仿使用3件发声物","响板____\n手铃____\n匙子____","响板、手铃、匙子","","是","0","不通过","","1","萌芽","","2","通过","","","","","","",""
"36","发展副测验","语言表达-EL","说出5件物件名称","袜子____杯子____\n牙刷____蜡笔____\n剪刀____梳子____\n铅笔____","实物及图卡","","是","0","不通过","","1","萌芽","","2","通过","","","","","","",""
"37","发展副测验","小肌肉-FM","正确使用4件物件","杯子____匙子____\n蜡笔____梳子____\n剪刀____","实物及图卡","","是","0","不通过","","1","萌芽","","2","通过","","","","","","",""
"38","发展副测验","语言理解-RL","在要求下交出3件物件","杯子____匙子____\n蜡笔____梳子____\n剪刀____","实物及图卡","","是","0","不通过","","1","萌芽","","2","通过","","","","","","",""
"39","发展副测验","认知(语言/语前)-CVP","实物配对图片5对","袜子____杯子____\n牙刷____匙子____\n剪刀____梳子____\n铅笔____","实物及图卡","","是","0","不通过","","1","萌芽","","2","通过","","","","","","",""
"40","发展副测验","语言理解-RL","明白3个常见物件的名称","指出物件____","实物及图卡","","是","0","不通过","","1","萌芽","","2","通过","","","","","","",""
"41","发展副测验","小肌肉-FM","利用前二指钳法","","M & Ms","","是","0","不通过","","1","萌芽","","2","通过","","","","","","",""
"42","发展副测验","认知(语言/语前)-CVP","找寻完全被隐藏的物件","","杯子及喜爱玩具","","是","0","不通过","","1","萌芽","","2","通过","","","","","","",""
"43","发展副测验","认知(语言/语前)-CVP","杯下寻物","第1次:____\n第2次:____\n第3次:____","3双杯子及糖果","","是","0","不通过","","1","萌芽","","2","通过","","","","","","",""
"44","发展副测验","认知(语言/语前)-CVP","触觉辨别4件物件（无视觉提示）","球____积木____\n蜡笔____硬币____\n匙子____","5件物件及布袋","","是","0","不通过","","1","萌芽","","2","通过","","","","","","",""
"45","发展副测验","认知(语言/语前)-CVP","恰当地检视及运用测试材料","短暂/没有","5件物件及布袋","","是","0","不通过","","1","萌芽","","2","通过","","","","","","",""
"46","发展副测验","认知(语言/语前)-CVP","恰当地使用视觉检视测试材料","过分兴趣/过分抗拒","5件物件及布袋","","是","0","不通过","","1","萌芽","","2","通过","","","","","","",""
"47","发展副测验","大肌肉-GM","拍手","","5件物件及布袋","","是","0","不通过","","1","萌芽","","2","通过","","","","","","",""
"48","发展副测验","大肌肉-GM","单脚站立","","5件物件及布袋","","是","0","不通过","","1","萌芽","","2","通过","","","","","","",""
"49","行为副测验","情感表达-AE","享受身体接触","拒绝/过分抗拒","5件物件及布袋","","是","0","严重","","1","轻微","","2","恰当","","","","","","",""
"50","行为副测验","情感表达-AE","享受被搔痒","拒绝/过分反应","5件物件及布袋","","是","0","严重","","1","轻微","","2","恰当","","","","","","",""
"51","行为副测验","社交互动-SR","主动重复社交游戏","","软布","","是","0","严重","","1","轻微","","2","恰当","","","","","","",""
"52","行为副测验","社交互动-SR","主动与测试员有社交沟通","被动/完全无反应","软布","","是","0","严重","","1","轻微","","2","恰当","","","","","","",""
"53","发展副测验","大肌肉-GM","双脚离地跳跃","","软布","","是","0","不通过","","1","萌芽","","2","通过","","","","","","",""
"54","发展副测验","大肌肉-GM","模仿3项大肌肉动作","举单手____\n摸鼻____\n举手+摸鼻____","软布","","是","0","不通过","","1","萌芽","","2","通过","","","","","","",""
"55","发展副测验","大肌肉-GM","双脚交替地上梯级","","梯级","","是","0","不通过","","1","萌芽","","2","通过","","","","","","",""
"56","发展副测验","大肌肉-GM","用杯子喝饮品","","杯子及果汁","","是","0","不通过","","1","萌芽","","2","通过","","","","","","",""
"57","发展副测验","大肌肉-GM","聆听及转向哨子声","","哨子","","是","0","不通过","","1","萌芽","","2","通过","","","","","","",""
"58","发展副测验","大肌肉-GM","接球","第1次____\n第2次____\n第3次____","球及梯级","","是","0","不通过","","1","萌芽","","2","通过","","","","","","",""
"59","发展副测验","大肌肉-GM","抛球","第1次____\n第2次____\n第3次____","球及梯级","","是","0","不通过","","1","萌芽","","2","通过","","","","","","",""
"60","发展副测验","大肌肉-GM","踢球","第1次____\n第2次____\n第3次____","球及梯级","","是","0","不通过","","1","萌芽","","2","通过","","","","","","",""
"61","发展副测验","大肌肉-GM","表现出使用惯用脚","踢球____\n上梯级____","球及梯级","","是","0","不通过","","1","萌芽","","2","通过","","","","","","",""
"62","发展副测验","大肌肉-GM","持球并向前行4步","","球及梯级","","是","0","不通过","","1","萌芽","","2","通过","","","","","","",""
"63","发展副测验","大肌肉-GM","推球","","球及梯级","","是","0","不通过","","1","萌芽","","2","通过","","","","","","",""
"64","行为副测验","行为特征-非语言-CMB","对绳子的反应","无兴趣/怪异兴趣","绳子、珠子","","是","0","严重","","1","轻微","","2","恰当","","","","","","",""
"65","发展副测验","小肌肉-FM","用绳子穿珠子","完成____粒","绳子、珠子","","是","0","不通过","","1","萌芽","","2","通过","","","","","","",""
"66","发展副测验","小肌肉-FM","摆动穿上珠子的绳子","","绳子、珠子","","是","0","不通过","","1","萌芽","","2","通过","","","","","","",""
"67","发展副测验","小肌肉-FM","拿走包绒铁丝上的珠粒","完成____粒","包绒铁丝、珠子","","是","0","不通过","","1","萌芽","","2","通过","","","","","","",""
"68","发展副测验","小肌肉-FM","协调地运用双手","","包绒铁丝、珠子","","是","0","不通过","","1","萌芽","","2","通过","","","","","","",""
"69","发展副测验","小肌肉-FM","将物件由一只手交到另一只手","","包绒铁丝、珠子","","是","0","不通过","","1","萌芽","","2","通过","","","","","","",""
"70","发展副测验","小肌肉-FM","自发地涂画","","画写簿","","是","0","不通过","","1","萌芽","","2","通过","","","","","","",""
"71","发展副测验","小肌肉-FM","表现出使用惯用手","惯用手: 左/右____","画写簿","","是","0","不通过","","1","萌芽","","2","通过","","","","","","",""
"72","发展副测验","小肌肉-FM","沿线描画3个图形","圆形____\n正方形____\n三角形____\n菱形____","画写簿","","是","0","不通过","","1","萌芽","","2","通过","","","","","","",""
"73","发展副测验","小肌肉-FM","仿画垂直线（若70=0分，给0分）","","画写簿","","是","0","不通过","","1","萌芽","","2","通过","","","","","","",""
"74","发展副测验","小肌肉-FM","仿画圆形（若73=0分，给0分）","","画写簿","","是","0","不通过","","1","萌芽","","2","通过","","","","","","",""
"75","发展副测验","小肌肉-FM","仿画正方形（若73=0分，给0分）","","画写簿","","是","0","不通过","","1","萌芽","","2","通过","","","","","","",""
"76","发展副测验","小肌肉-FM","仿画三角形（若73=0分，给0分）","","画写簿","","是","0","不通过","","1","萌芽","","2","通过","","","","","","",""
"77","发展副测验","小肌肉-FM","仿画菱形（若73=0分，给0分）","","画写簿","","是","0","不通过","","1","萌芽","","2","通过","","","","","","",""
"78","发展副测验","小肌肉-FM","界内着色（若73=0分，给0分）","","画写簿","","是","0","不通过","","1","萌芽","","2","通过","","","","","","",""
"79","发展副测验","小肌肉-FM","抄写7个字母（若73=0分，给0分）","","画写簿","","是","0","不通过","","1","萌芽","","2","通过","","","","","","",""
"80","发展副测验","小肌肉-FM","绘画1个完整的人形（若73=0分，给0分）","","画写簿","","是","0","不通过","","1","萌芽","","2","通过","","","","","","",""
"81","发展副测验","小肌肉-FM","写下名字（若79=0分，给0分）","","画写簿","","是","0","不通过","","1","萌芽","","2","通过","","","","","","",""
"82","发展副测验","认知(语言/语前)-CVP","用剪刀剪纸","","纸及剪刀","","是","0","不通过","","1","萌芽","","2","通过","","","","","","",""
"83","发展副测验","语言表达-EL","对图画书感兴趣","","图画书","","是","0","不通过","","1","萌芽","","2","通过","","","","","","",""
"84","发展副测验","语言表达-EL","假装使用5件图画中的物件","","图画书","","是","0","不通过","","1","萌芽","","2","通过","","","","","","",""
"85","发展副测验","认知(语言/语前)-CVP","辨认14幅图画","项目       提问词\nA.杯子  答案____\nB.洋娃娃  答案____\nC.钥匙  答案____\nD.飞机  答案____\nE.鸟笼  答案____\nF.雨伞  答案____\nG.煮食  答案____\nH.系鞋带  答案____\nI.门  答案____\nJ.木偶  答案____\nK.公鸡  答案____\nL.接球  答案____\nM.建筑  答案____\nN.警察  答案____\nO.砌积木  答案____\nP.烧烤  答案____\nQ.洗澡  答案____\nR.水壶  答案____\nS.火车头  答案____\nT.火箭起飞  答案____","图画书","","是","0","不通过","","1","萌芽","","2","通过","","","","","","",""
"86","发展副测验","语言表达-EL","说出14幅图画名称","正确答案       答案\nA.牛____\nB.皮球/波____\nC.花____\nD.婴儿车____\nE.牙刷____\nF.冰箱____\nG.油____\nH.打秋鞭____\nI.樽____\nJ.电风扇____\nK.企鹅____\nL.溜冰____\nM.抱住只狗____\nN.医生____\nO.跳水____\nP.踏（三轮车/单车）____\nQ.举起____\nR.教堂____\nS.炉____\nT.（整）路____","图画书","","是","0","不通过","","1","萌芽","","2","通过","","","","","","",""
"87","发展副测验","语言表达-EL","说出一句4-5词片语","儿童的词语:____","图画书","","是","0","不通过","","1","萌芽","","2","通过","","","","","","",""
"88","发展副测验","认知(语言/语前)-CVP","辨别9个生字","人____口____上____\n山____刀____天____\n火____手____田____","字卡","","是","0","不通过","","1","萌芽","","2","通过","","","","","","",""
"89","发展副测验","语言表达-EL","读出9个生字","人____口____上____\n山____刀____天____\n火____手____田____","字卡","","是","0","不通过","","1","萌芽","","2","通过","","","","","","",""
"90","发展副测验","认知(语言/语前)-CVP","生字配对","人____口____上____\n山____刀____天____\n火____手____田____","测试用书及字卡","","是","0","不通过","","1","萌芽","","2","通过","","","","","","",""
"91","发展副测验","语言表达-EL","读出数字1-10","1,2,3,4,5,6,7,8,9,10","测试用书","","是","0","不通过","","1","萌芽","","2","通过","","","","","","",""
"92","发展副测验","语言表达-EL","读出3个单字","球____狗____\n猫____屋____","测试用书","","是","0","不通过","","1","萌芽","","2","通过","","","","","","",""
"93","发展副测验","语言表达-EL","读出1句短句子（若92=0或1分，给0分）","小明有一只狗和一只猫。小明又有一个皮球。小明、小猫和小狗住在屋子里。\n一天，小明和小猫、小狗玩皮球。小狗跳过小明的皮球向前走，小明捉住了小狗，他们回家去。\n小明拿着皮球把它放在桌子上。","测试用书","","是","0","不通过","","1","萌芽","","2","通过","","","","","","",""
"94","发展副测验","语言表达-EL","诵读篇章少于3个犯错（若92=0或1分，给0分）","","测试用书","","是","0","不通过","","1","萌芽","","2","通过","","","","","","",""
"95","发展副测验","语言表达-EL","阅读理解及回答2条问题（若92=0或1分，给0分）","1.小明有什么动物?（狗/猫）____\n2.小明玩什么?（狗/猫/皮球）____\n3.什么跳过小明的皮球?（狗）____","测试用书","","是","0","不通过","","1","萌芽","","2","通过","","","","","","",""
"96","发展副测验","语言表达-EL","阅读句子及遵从指令（若92=0或1分，给0分）","拿起皮球____\n皮球放桌子上____","测试用书及皮球","","是","0","不通过","","1","萌芽","","2","通过","","","","","","",""
"97","发展副测验","认知(语言/语前)-CVP","把1块积木放进盒中","放入____块","小积木及盒子","","是","0","不通过","","1","萌芽","","2","通过","","","","","","",""
"98","行为副测验","社交互动-SR","轮流摆放积木进盒中","","小积木及盒子","","是","0","严重","","1","轻微","","2","恰当","","","","","","",""
"99","发展副测验","认知(语言/语前)-CVP","叠8块积木","第1次：____块\n第2次：____块\n第3次：____块","小积木","","是","0","不通过","","1","萌芽","","2","通过","","","","","","",""
"100","发展副测验","认知(语言/语前)-CVP","执行2步骤的指令","第1步：把积木放入杯里\n第2步：把杯子放地上","杯子及积木","","是","0","不通过","","1","萌芽","","2","通过","","","","","","",""
"101","发展副测验","语言理解-RL","按指示交出2块及6块积木","2块____\n6块____","8块积木","","是","0","不通过","","1","萌芽","","2","通过","","","","","","",""
"102","发展副测验","认知(语言/语前)-CVP","数出2块及7块积木","2块____\n7块____","7块积木","","是","0","不通过","","1","萌芽","","2","通过","","","","","","",""
"103","发展副测验","认知(语言/语前)-CVP","唱数1-10","1,2,3,4,5,6,7,8,9,10","7块积木","","是","0","不通过","","1","萌芽","","2","通过","","","","","","",""
"104","发展副测验","认知(语言/语前)-CVP","2种物件分类(积木及筹码)","完成积木____块\n完成筹码____块","积木、筹码及透明罐","","是","0","不通过","","1","萌芽","","2","通过","","","","","","",""
"105","发展副测验","认知(语言/语前)-CVP","配对5种颜色积木在图形上","红____\n黄____\n蓝____\n白____\n绿____","测试用书及积木","","是","0","不通过","","1","萌芽","","2","通过","","","","","","",""
"106","发展副测验","语言表达-EL","说出5种颜色","红____\n黄____\n蓝____\n白____\n绿____","测试用书及积木","","是","0","不通过","","1","萌芽","","2","通过","","","","","","",""
"107","发展副测验","语言理解-RL","按指示挑选5种颜色","红____\n黄____\n蓝____\n白____\n绿____","测试用书及积木","","是","0","不通过","","1","萌芽","","2","通过","","","","","","",""
"108","发展副测验","认知(语言/语前)-CVP","自行根据颜色或形状作12张图卡分类（若105=0或1分，给0分）","自行完成/部分示范/全部示范\n颜色/形状\n完成____张","形状色卡","","是","0","不通过","","1","萌芽","","2","通过","","","","","","",""
"109","发展副测验","模仿(视觉/动作)-VMI","对他人模仿自己的动作有反应","","形状色卡","","是","0","不通过","","1","萌芽","","2","通过","","","","","","",""
"110","发展副测验","模仿(视觉/动作)-VMI","对他人模仿自己的声音有反应","","形状色卡","","是","0","不通过","","1","萌芽","","2","通过","","","","","","",""
"111","发展副测验","模仿(视觉/动作)-VMI","模仿3种声音","练习：da-da\n1. m-m-m____\n2. ba-ba____\n3. pa-ta____\n4. la-la____","形状色卡","","是","0","不通过","","1","萌芽","","2","通过","","","","","","",""
"112","发展副测验","语言表达-EL","重复2个数字","7-9____\n5-3____","形状色卡","","是","0","不通过","","1","萌芽","","2","通过","","","","","","",""
"113","发展副测验","语言表达-EL","重复3个数字","2-4-1____\n5-7-9____","形状色卡","","是","0","不通过","","1","萌芽","","2","通过","","","","","","",""
"114","发展副测验","语言表达-EL","重复2个字词","街街____车车____拜拜____","形状色卡","","是","0","不通过","","1","萌芽","","2","通过","","","","","","",""
"115","发展副测验","模仿(视觉/动作)-VMI","重复2至3词短句（若114=0，给0分）","1.宝宝看过来\n2.我要饼干\n3.他大声叫","形状色卡","","是","0","不通过","","1","萌芽","","2","通过","","","","","","",""
"116","行为副测验","社交互动-SR","测试员向儿童说话时儿童能望着测试员的面孔","短暂/没有","形状色卡","","是","0","严重","","1","轻微","","2","恰当","","","","","","",""
"117","行为副测验","行为特征-语言-CVB","没有延迟性鹦鹉式讲话","不适用/过多","形状色卡","","是","0","严重","","1","轻微","","2","恰当","","","","","","",""
"118","发展副测验","语言表达-EL","要求食物或饮品","","罐及喜爱的物件","","是","0","不通过","","1","萌芽","","2","通过","","","","","","",""
"119","发展副测验","语言理解-RL","明白代名词","给我____","罐及喜爱的物件","","是","0","不通过","","1","萌芽","","2","通过","","","","","","",""
"120","发展副测验","语言表达-EL","运用众数的量词2次","儿童使用的词语:____","测试用书内图卡或宝物","","是","0","不通过","","1","萌芽","","2","通过","","","","","","",""
"121","发展副测验","语言表达-EL","运用1个代名词","儿童使用的词语:____","果汁、杯、曲奇饼及动物手偶","","是","0","不通过","","1","萌芽","","2","通过","","","","","","",""
"122","发展副测验","语言表达-EL","运用3句双词片语","儿童的词语:____","果汁、杯、曲奇饼、梳子及肥皂泡","","是","0","不通过","","1","萌芽","","2","通过","","","","","","",""
"123","发展副测验","语言理解-RL","遵从4项1-2步骤的口语指令","1.拍一下盒子____\n2.摸一下那只狗____\n3.站起身并跳起来____\n4.放杯子进袋子，然后坐下来____\n5.敲一下门，然后摸一下墙壁____","小球、杯子、手偶、袋子、盒子","","是","0","不通过","","1","萌芽","","2","通过","","","","","","",""
"124","发展副测验","语言理解-RL","开关灯掣(按钮)","","灯的开关","","是","0","不通过","","1","萌芽","","2","通过","","","","","","",""
"125","发展副测验","语言理解-RL","对手势的反应","叫名字+招手____\n坐下____拿走积木____\n交回颜色笔____\n其他：____","","","是","0","不通过","","1","萌芽","","2","通过","","","","","","",""
"126","发展副测验","语言理解-RL","回应「不要」或「停止」的指令","不要：____\n停止：____","","","是","0","不通过","","1","萌芽","","2","通过","","","","","","",""
"127","发展副测验","语言理解-RL","对听到自己名字的反应","","","","是","0","不通过","","1","萌芽","","2","通过","","","","","","",""
"128","发展副测验","语言理解-RL","明白「过来」的指令","","","","是","0","不通过","","1","萌芽","","2","通过","","","","","","",""
"129","发展副测验","语言理解-RL","回答「你是谁」","儿童答案:____","","","是","0","不通过","","1","萌芽","","2","通过","","","","","","",""
"130","发展副测验","语言理解-RL","能回答自己的性别","儿童答案:____","","","是","0","不通过","","1","萌芽","","2","通过","","","","","","",""
"131","发展副测验","语言理解-RL","明白3个动词并示范动作","跳____坐低____\n站起来____","","","是","0","不通过","","1","萌芽","","2","通过","","","","","","",""
"132","发展副测验","语言理解-RL","正确运用代名词","","","","是","0","不通过","","1","萌芽","","2","通过","","","","","","",""
"133","发展副测验","语言理解-RL","回答3句问句","何人____何事____\n何地____何时____","","","是","0","不通过","","1","萌芽","","2","通过","","","","","","",""
"134","发展副测验","语言理解-RL","遵从3个简单的动作指令","坐低____起身____\n过来____给我____\n放下手____开门____\n其他：____","","","是","0","不通过","","1","萌芽","","2","通过","","","","","","",""
"135","行为副测验","行为特征-非语言-CMB","使用视觉讯息","正常/过分刺激","","","是","0","严重","","1","轻微","","2","恰当","","","","","","",""
"136","行为副测验","行为特征-非语言-CMB","单独玩耍时能恰当地使用空间及材料","无兴趣/怪异行为","","","是","0","严重","","1","轻微","","2","恰当","","","","","","",""
"137","行为副测验","行为特征-非语言-CMB","恰当地探索测试房间的环境","无兴趣/怪异行为","","","是","0","严重","","1","轻微","","2","恰当","","","","","","",""
"138","行为副测验","行为特征-非语言-CMB","恰当地对声音作出反应","无反应/过度反应","","","是","0","严重","","1","轻微","","2","恰当","","","","","","",""
"139","行为副测验","行为特征-非语言-CMB","恰当地探索不同质感","抗拒/怪异兴趣","","","是","0","严重","","1","轻微","","2","恰当","","","","","","",""
"140","行为副测验","行为特征-非语言-CMB","恰当地使用味觉","正常/过分兴趣","","","是","0","严重","","1","轻微","","2","恰当","","","","","","",""
"141","行为副测验","行为特征-非语言-CMB","对嗅觉有恰当的兴趣","正常/过分兴趣","","","是","0","严重","","1","轻微","","2","恰当","","","","","","",""
"142","行为副测验","行为特征-非语言-CMB","完成大部分适龄的测试项目","混乱/怪异行为","","","是","0","严重","","1","轻微","","2","恰当","","","","","","",""
"143","发展副测验","语言表达-EL","能使用语言或手势求助","","","","是","0","不通过","","1","萌芽","","2","通过","","","","","","",""
"144","行为副测验","行为特征-语言-CVB","没有不恰当地重复刚听到的字词或片语","不适用/过多","","","是","0","严重","","1","轻微","","2","恰当","","","","","","",""
"145","行为副测验","行为特征-语言-CVB","没有持续地重复某些字词或声音","不适用/过多","","","是","0","严重","","1","轻微","","2","恰当","","","","","","",""
"146","行为副测验","行为特征-语言-CVB","表现恰当的说话语调、声量和速度","不适用/怪异","","","是","0","严重","","1","轻微","","2","恰当","","","","","","",""
"147","行为副测验","行为特征-语言-CVB","没有无意义的声音(玩声)","不适用/过多","","","是","0","严重","","1","轻微","","2","恰当","","","","","","",""
"148","行为副测验","行为特征-语言-CVB","使用与其年龄相符的词汇沟通","不适用/不恰当","","","是","0","严重","","1","轻微","","2","恰当","","","","","","",""
"149","行为副测验","行为特征-语言-CVB","没有说奇异语句与自创语","不适用/过多","","","是","0","严重","","1","轻微","","2","恰当","","","","","","",""
"150","行为副测验","行为特征-语言-CVB","与年龄相符的发音能力","不适用/无法明白","","","是","0","严重","","1","轻微","","2","恰当","","","","","","",""
"151","行为副测验","行为特征-语言-CVB","与年龄相符的自发性沟通","无/怪异沉迷","","","是","0","严重","","1","轻微","","2","恰当","","","","","","",""
"152","行为副测验","行为特征-语言-CVB","与测试员主动沟通","","","","是","0","严重","","1","轻微","","2","恰当","","","","","","",""
"153","行为副测验","行为特征-语言-CVB","与测试员持续对话","","","","是","0","严重","","1","轻微","","2","恰当","","","","","","",""
"154","行为副测验","社交互动-SR","与测试员合作","反复/过分反抗","","","是","0","严重","","1","轻微","","2","恰当","","","","","","",""
"155","发展副测验","语言表达-EL","语句组织能力","偶尔/经常混乱","","","是","0","不通过","","1","萌芽","","2","通过","","","","","","",""
"156","行为副测验","情感表达-AE","用面部表情表达情感","","","","是","0","严重","","1","轻微","","2","恰当","","","","","","",""
"157","行为副测验","情感表达-AE","用身体语言表达情感","","","","是","0","严重","","1","轻微","","2","恰当","","","","","","",""
"158","行为副测验","情感表达-AE","情绪表达","","","","是","0","严重","","1","轻微","","2","恰当","","","","","","",""
"159","行为副测验","情感表达-AE","恰当的情感","无变化/怪异反应","","","是","0","严重","","1","轻微","","2","恰当","","","","","","",""
"160","行为副测验","情感表达-AE","恐惧的反应","无/过多","","","是","0","严重","","1","轻微","","2","恰当","","","","","","",""
"161","行为副测验","情感表达-AE","合乎年龄的专注力","短/极端反应","","","是","0","严重","","1","轻微","","2","恰当","","","","","","",""
"162","行为副测验","行为特征-非语言-CMB","从容地转换活动","接受/极端反应","","","是","0","严重","","1","轻微","","2","恰当","","","","","","",""
"163","行为副测验","情感表达-AE","自我改正","","","","是","0","严重","","1","轻微","","2","恰当","","","","","","",""
"164","行为副测验","情感表达-AE","活动持久性","","","","是","0","严重","","1","轻微","","2","恰当","","","","","","",""
"165","行为副测验","情感表达-AE","分享兴趣","","","","是","0","严重","","1","轻微","","2","恰当","","","","","","",""
"166","行为副测验","社交互动-SR","保持眼神接触","","","","是","0","严重","","1","轻微","","2","恰当","","","","","","",""
"167","行为副测验","社交互动-SR","对测试员的声音有反应","","","","是","0","严重","","1","轻微","","2","恰当","","","","","","",""
"168","行为副测验","社交互动-SR","向测试员求助","无/过分要求","","","是","0","严重","","1","轻微","","2","恰当","","","","","","",""
"169","行为副测验","社交互动-SR","动作及动静","正常/怪异动作","","","是","0","严重","","1","轻微","","2","恰当","","","","","","",""
"170","行为副测验","社交互动-SR","能恰当地回应测试员","不察觉/被动","","","是","0","严重","","1","轻微","","2","恰当","","","","","","",""
"171","行为副测验","社交互动-SR","对物质奖励有反应","不一致/无","","","是","0","严重","","1","轻微","","2","恰当","","","","","","",""
"172","行为副测验","社交互动-SR","对社交赞赏有反应","不一致/无","","","是","0","严重","","1","轻微","","2","恰当","","","","","","",""
"173","照顾者报告","儿童现时发展程度","沟通表现（例如：模仿声音、牙牙学语、跟从指令、与人说话及明白他人说话内容）","与其他没有特殊需要的儿童比较，请估计现时你的孩子在以下表现，约为几岁水平？","","","是","0","<2岁","","1","2-3岁","","2","3-4岁","","3","4-5岁","","4","5-7岁",""
"174","照顾者报告","儿童现时发展程度","大小肌肉能力（例如：使用肌肉来活动及使用手部操控物件）","与其他没有特殊需要的儿童比较，请估计现时你的孩子在以下表现，约为几岁水平？","","","是","0","<2岁","","1","2-3岁","","2","3-4岁","","3","4-5岁","","4","5-7岁",""
"175","照顾者报告","儿童现时发展程度","社交能力（例如：享受拥抱及谈话、与人交往、合作地玩耍、交朋友及跟随游戏规则）","与其他没有特殊需要的儿童比较，请估计现时你的孩子在以下表现，约为几岁水平？","","","是","0","<2岁","","1","2-3岁","","2","3-4岁","","3","4-5岁","","4","5-7岁",""
"176","照顾者报告","儿童现时发展程度","自理能力（例如：进食/饮、穿衣、洗澡和如厕）","与其他没有特殊需要的儿童比较，请估计现时你的孩子在以下表现，约为几岁水平？","","","是","0","<2岁","","1","2-3岁","","2","3-4岁","","3","4-5岁","","4","5-7岁",""
"177","照顾者报告","儿童现时发展程度","思考能力（例如：完成砌图、找寻隐藏物件及解决问题）","与其他没有特殊需要的儿童比较，请估计现时你的孩子在以下表现，约为几岁水平？","","","是","0","<2岁","","1","2-3岁","","2","3-4岁","","3","4-5岁","","4","5-7岁",""
"178","照顾者报告","儿童现时发展程度","整体能力（所有技巧）","与其他没有特殊需要的儿童比较，请估计现时你的孩子在以下表现，约为几岁水平？","","","是","0","<2岁","","1","2-3岁","","2","3-4岁","","3","4-5岁","","4","5-7岁",""
"179","照顾者报告","诊断类别及程度","语言障碍-诊断类别","你的孩子是否属于以下问题类别？","","","是","0","不是","","1","不知道","","2","是","","","","","","",""
"180","照顾者报告","诊断类别及程度","语言障碍-对孩子发展的影响程度","请选择对孩子发展的影响程度","","","是","0","严重","","1","中度","","2","轻微","","","","","","",""
"181","照顾者报告","诊断类别及程度","自闭症-诊断类别","你的孩子是否属于以下问题类别？","","","是","0","不是","","1","不知道","","2","是","","","","","","",""
"182","照顾者报告","诊断类别及程度","自闭症-对孩子发展的影响程度","请选择对孩子发展的影响程度","","","是","0","严重","","1","中度","","2","轻微","","","","","","",""
"183","照顾者报告","诊断类别及程度","情绪困扰-诊断类别","你的孩子是否属于以下问题类别？","","","是","0","不是","","1","不知道","","2","是","","","","","","",""
"184","照顾者报告","诊断类别及程度","情绪困扰-对孩子发展的影响程度","请选择对孩子发展的影响程度","","","是","0","严重","","1","中度","","2","轻微","","","","","","",""
"185","照顾者报告","诊断类别及程度","学习障碍-诊断类别","你的孩子是否属于以下问题类别？","","","是","0","不是","","1","不知道","","2","是","","","","","","",""
"186","照顾者报告","诊断类别及程度","学习障碍-对孩子发展的影响程度","请选择对孩子发展的影响程度","","","是","0","严重","","1","中度","","2","轻微","","","","","","",""
"187","照顾者报告","诊断类别及程度","智力迟缓-诊断类别","你的孩子是否属于以下问题类别？","","","是","0","不是","","1","不知道","","2","是","","","","","","",""
"188","照顾者报告","诊断类别及程度","智力迟缓-对孩子发展的影响程度","请选择对孩子发展的影响程度","","","是","0","严重","","1","中度","","2","轻微","","","","","","",""
"189","照顾者报告","诊断类别及程度","专注力不足/过度活跃症-诊断类别","你的孩子是否属于以下问题类别？","","","是","0","不是","","1","不知道","","2","是","","","","","","",""
"190","照顾者报告","诊断类别及程度","专注力不足/过度活跃症-对孩子发展的影响程度","请选择对孩子发展的影响程度","","","是","0","严重","","1","中度","","2","轻微","","","","","","",""
"191","照顾者报告","诊断类别及程度","亚氏保加症-诊断类别","你的孩子是否属于以下问题类别？","","","是","0","不是","","1","不知道","","2","是","","","","","","",""
"192","照顾者报告","诊断类别及程度","亚氏保加症-对孩子发展的影响程度","请选择对孩子发展的影响程度","","","是","0","严重","","1","中度","","2","轻微","","","","","","",""
"193","照顾者报告","诊断类别及程度","精神分裂症-诊断类别","你的孩子是否属于以下问题类别？","","","是","0","不是","","1","不知道","","2","是","","","","","","",""
"194","照顾者报告","诊断类别及程度","精神分裂症-对孩子发展的影响程度","请选择对孩子发展的影响程度","","","是","0","严重","","1","中度","","2","轻微","","","","","","",""
"195","照顾者报告","诊断类别及程度","广泛发展障碍-诊断类别","你的孩子是否属于以下问题类别？","","","是","0","不是","","1","不知道","","2","是","","","","","","",""
"196","照顾者报告","诊断类别及程度","广泛发展障碍-对孩子发展的影响程度","请选择对孩子发展的影响程度","","","是","0","严重","","1","中度","","2","轻微","","","","","","",""
"197","照顾者报告","诊断类别及程度","蕾特氏症-诊断类别","你的孩子是否属于以下问题类别？","","","是","0","不是","","1","不知道","","2","是","","","","","","",""
"198","照顾者报告","诊断类别及程度","蕾特氏症-对孩子发展的影响程度","请选择对孩子发展的影响程度","","","是","0","严重","","1","中度","","2","轻微","","","","","","",""
"199","照顾者报告","诊断类别及程度","其他-诊断类别","你的孩子是否属于以下问题类别？","","","是","0","不是","","1","不知道","","2","是","","","","","","",""
"200","照顾者报告","诊断类别及程度","其他-对孩子发展的影响程度","请选择对孩子发展的影响程度","","","是","0","严重","","1","中度","","2","轻微","","","","","","",""
"201","照顾者报告","问题行为-PB","缺乏或不适当的眼神接触、缺乏面部表情以及缺乏沟通上的身体语言","0分 此问题有出现，程度是严重\n1分 此问题有出现，程度是轻微/中度\n2分 此问题没有出现","","","是","0","严重","此问题有出现，程度是严重","1","轻微/中度","此问题有出现，程度是轻微/中度","2","没有出现","此问题没有出现","","","","","",""
"202","照顾者报告","问题行为-PB","语言发展迟缓或完全不说话","0分 此问题有出现，程度是严重\n1分 此问题有出现，程度是轻微/中度\n2分 此问题没有出现","","","是","0","严重","此问题有出现，程度是严重","1","轻微/中度","此问题有出现，程度是轻微/中度","2","没有出现","此问题没有出现","","","","","",""
"203","照顾者报告","问题行为-PB","经常投入在一个或多个重复的兴趣或活动，兴趣异常强烈，或者兴趣过分狭窄","0分 此问题有出现，程度是严重\n1分 此问题有出现，程度是轻微/中度\n2分 此问题没有出现","","","是","0","严重","此问题有出现，程度是严重","1","轻微/中度","此问题有出现，程度是轻微/中度","2","没有出现","此问题没有出现","","","","","",""
"204","照顾者报告","问题行为-PB","不能如其他同龄孩子一样发展友谊","0分 此问题有出现，程度是严重\n1分 此问题有出现，程度是轻微/中度\n2分 此问题没有出现","","","是","0","严重","此问题有出现，程度是严重","1","轻微/中度","此问题有出现，程度是轻微/中度","2","没有出现","此问题没有出现","","","","","",""
"205","照顾者报告","问题行为-PB","有适当的言语，但不能主动与人开展对话或与人保持对话","0分 此问题有出现，程度是严重\n1分 此问题有出现，程度是轻微/中度\n2分 此问题没有出现","","","是","0","严重","此问题有出现，程度是严重","1","轻微/中度","此问题有出现，程度是轻微/中度","2","没有出现","此问题没有出现","","","","","",""
"206","照顾者报告","问题行为-PB","坚持某个/某些重复而没实际功能的常规或仪式","0分 此问题有出现，程度是严重\n1分 此问题有出现，程度是轻微/中度\n2分 此问题没有出现","","","是","0","严重","此问题有出现，程度是严重","1","轻微/中度","此问题有出现，程度是轻微/中度","2","没有出现","此问题没有出现","","","","","",""
"207","照顾者报告","问题行为-PB","不会自发地与人分享开心的活动、有趣的事物或成功的事情","0分 此问题有出现，程度是严重\n1分 此问题有出现，程度是轻微/中度\n2分 此问题没有出现","","","是","0","严重","此问题有出现，程度是严重","1","轻微/中度","此问题有出现，程度是轻微/中度","2","没有出现","此问题没有出现","","","","","",""
"208","照顾者报告","问题行为-PB","使用重复或古怪的言语","0分 此问题有出现，程度是严重\n1分 此问题有出现，程度是轻微/中度\n2分 此问题没有出现","","","是","0","严重","此问题有出现，程度是严重","1","轻微/中度","此问题有出现，程度是轻微/中度","2","没有出现","此问题没有出现","","","","","",""
"209","照顾者报告","问题行为-PB","出现重复的身体活动，例如拍打或摆动手/手指、扭曲身体或作出复杂的身体动作","0分 此问题有出现，程度是严重\n1分 此问题有出现，程度是轻微/中度\n2分 此问题没有出现","","","是","0","严重","此问题有出现，程度是严重","1","轻微/中度","此问题有出现，程度是轻微/中度","2","没有出现","此问题没有出现","","","","","",""
"210","照顾者报告","问题行为-PB","与人沟通时，不表达自己感受或不回应别人所表达的情绪","0分 此问题有出现，程度是严重\n1分 此问题有出现，程度是轻微/中度\n2分 此问题没有出现","","","是","0","严重","此问题有出现，程度是严重","1","轻微/中度","此问题有出现，程度是轻微/中度","2","没有出现","此问题没有出现","","","","","",""
"211","照顾者报告","个人自理-PSC","在饭餐或小食时间，你的孩子会否拿起细小食物、咀嚼然后吞咽？","0分 不会自行放食物进口中、咀嚼及吞咽\n1分 在放食物进口中、咀嚼及吞咽过程会出现问题\n2分 能自行把食物放进口中、咀嚼及吞咽而没出现问题","","","是","0","不能做到","不会自行放食物进口中、咀嚼及吞咽","1","部分做到","在放食物进口中、咀嚼及吞咽过程会出现问题","2","能做到","能自行把食物放进口中、咀嚼及吞咽而没出现问题","","","","","",""
"212","照顾者报告","个人自理-PSC","在饭餐或小食时间，你的孩子能否以一只手拿起杯及饮用时不弄泻？","0分 需要协助才能以杯进饮\n1分 未能灵巧地以杯进饮及饮用时会弄泻\n2分 能以一只手拿起杯及饮用时不弄泻","","","是","0","不能做到","需要协助才能以杯进饮","1","部分做到","未能灵巧地以杯进饮及饮用时会弄泻","2","能做到","能以一只手拿起杯及饮用时不弄泻","","","","","",""
"213","照顾者报告","个人自理-PSC","在饭餐时，你的孩子能否以匙羹和叉自行进食？","0分 未能使用任何一种餐具自行进食\n1分 能以匙羹或叉自行进食一点食物\n2分 能以匙羹和叉自行进食，或许进食时会有一点食物跌在桌子上","","","是","0","不能做到","未能使用任何一种餐具自行进食","1","部分做到","能以匙羹或叉自行进食一点食物","2","能做到","能以匙羹和叉自行进食，或许进食时会有一点食物跌在桌子上","","","","","",""
"214","照顾者报告","个人自理-PSC","在饭餐或小食时间，你的孩子能否拿起一个盛着饮品的小容器，然后把饮品倒进一个杯内而只有少许弄泻？","0分 从未尝试把饮品倒进杯内，或把饮品倒进杯内时会大量弄泻\n1分 尝试把饮品倒进杯内时会有一些弄泻\n2分 能把饮品倒进杯内而只有少许弄泻","","","是","0","不能做到","从未尝试把饮品倒进杯内，或把饮品倒进杯内时会大量弄泻","1","部分做到","尝试把饮品倒进杯内时会有一些弄泻","2","能做到","能把饮品倒进杯内而只有少许弄泻","","","","","",""
"215","照顾者报告","个人自理-PSC","在饭餐或小食时间后，你的孩子能否自行洗手和洗脸？","0分 未尝试自己洗手和洗脸\n1分 尝试自己洗手和洗脸，但需要成人协助\n2分 不需要成人协助下，能自行以水和肥皂洗手和洗脸","","","是","0","不能做到","未尝试自己洗手和洗脸","1","部分做到","尝试自己洗手和洗脸，但需要成人协助","2","能做到","不需要成人协助下，能自行以水和肥皂洗手和洗脸","","","","","",""
"216","照顾者报告","个人自理-PSC","你的孩子能否自行洗澡？","0分 未尝试自行洗澡\n1分 尝试自行洗澡，但需要成人协助\n2分 不需要成人协助，能自行洗澡","","","是","0","不能做到","未尝试自行洗澡","1","部分做到","尝试自行洗澡，但需要成人协助","2","能做到","不需要成人协助，能自行洗澡","","","","","",""
"217","照顾者报告","个人自理-PSC","在饭餐或小食时间后，你的孩子能否自行刷牙？","0分 未尝试自行刷牙\n1分 尝试刷牙，但需要成人协助\n2分 能自行刷牙而不需要成人协助","","","是","0","不能做到","未尝试自行刷牙","1","部分做到","尝试刷牙，但需要成人协助","2","能做到","能自行刷牙而不需要成人协助","","","","","",""
"218","照顾者报告","个人自理-PSC","你的孩子能否自行脱衣服？","0分 需要很多协助才能脱衣服\n1分 尝试自行脱衣服，但需要成人协助\n2分 能自行脱衣服而不需要成人协助","","","是","0","不能做到","需要很多协助才能脱衣服","1","部分做到","尝试自行脱衣服，但需要成人协助","2","能做到","能自行脱衣服而不需要成人协助","","","","","",""
"219","照顾者报告","个人自理-PSC","你的孩子能否自行完成穿衣服过程，包括绑鞋带？","0分 需要很多协助才能穿衣服\n1分 尝试自行完成穿衣服过程，但需要成人协助\n2分 能自行完成穿衣服过程，包括绑鞋带，而不需要成人协助","","","是","0","不能做到","需要很多协助才能穿衣服","1","部分做到","尝试自行完成穿衣服过程，但需要成人协助","2","能做到","能自行完成穿衣服过程，包括绑鞋带，而不需要成人协助","","","","","",""
"220","照顾者报告","个人自理-PSC","你的孩子能否自行挑选当日要穿的衣服，包括能选择适合当日天气及活动的衣服？","0分 未能独立选择合适衣服\n1分 在成人协助下，能选择适合当日天气及活动的衣服\n2分 能独立选择适合当日天气及活动的衣服","","","是","0","不能做到","未能独立选择合适衣服","1","部分做到","在成人协助下，能选择适合当日天气及活动的衣服","2","能做到","能独立选择适合当日天气及活动的衣服","","","","","",""
"221","照顾者报告","个人自理-PSC","你的孩子能否使用厕所如厕而没有意外（遗尿/遗便）？","0分 未能使用厕所如厕\n1分 需成人协助才能使用厕所如厕，而每星期超过两次意外\n2分 无需成人协助，能使用厕所如厕，而每星期不多过两次意外","","","是","0","不能做到","未能使用厕所如厕","1","部分做到","需成人协助才能使用厕所如厕，而每星期超过两次意外","2","能做到","无需成人协助，能使用厕所如厕，而每星期不多过两次意外","","","","","",""
"222","照顾者报告","个人自理-PSC","你的孩子能否记得他/她的玩具或其他日常物件的摆放位置？","0分 未能记得物件的摆放位置\n1分 如经过练习，能记得一些物件的摆放位置\n2分 能记得他/她的玩具或其他日常物件的摆放位置","","","是","0","不能做到","未能记得物件的摆放位置","1","部分做到","如经过练习，能记得一些物件的摆放位置","2","能做到","能记得他/她的玩具或其他日常物件的摆放位置","","","","","",""
"223","照顾者报告","个人自理-PSC","你的孩子是否整晚都能安睡？","0分 很少可以整晚安睡\n1分 有时整晚都能安睡\n2分 通常整晚都能安睡","","","是","0","不能做到","很少可以整晚安睡","1","部分做到","有时整晚都能安睡","2","能做到","通常整晚都能安睡","","","","","",""
"224","照顾者报告","适应行为-AB","你的孩子会否在一天之中自发转换活动？能否无须你的帮助，从一项活动转至另一项活动？","0分 喜欢不断重复同一项活动\n1分 偶然会尝试新活动或转换活动\n2分 在一天之中，会自发转换活动","","","是","0","严重","喜欢不断重复同一项活动","1","轻微","偶然会尝试新活动或转换活动","2","恰当","在一天之中，会自发转换活动","","","","","",""
"225","照顾者报告","适应行为-AB","你的孩子会否望着周围的人？当对人说话或有人对他/她说话时，会否望着对方的脸？","0分 避开与人有眼神接触\n1分 有时与人有眼神接触\n2分 经常与人有眼神接触","","","是","0","严重","避开与人有眼神接触","1","轻微","有时与人有眼神接触","2","恰当","经常与人有眼神接触","","","","","",""
"226","照顾者报告","适应行为-AB","如果你拥抱你的孩子，他/她会否正面地回应你？他/她会否自发拥抱别人？","0分 被熟识的成人拥抱时，他/她有负面反应或表现被动\n1分 被熟识的成人拥抱时，他/她有时会有正面回应\n2分 被熟识的成人拥抱时，他/她经常会有正面回应","","","是","0","严重","被熟识的成人拥抱时，他/她有负面反应或表现被动","1","轻微","被熟识的成人拥抱时，他/她有时会有正面回应","2","恰当","被熟识的成人拥抱时，他/她经常会有正面回应","","","","","",""
"227","照顾者报告","适应行为-AB","你的孩子会否对身边发生的事显得有兴趣？会否主动走去观看有趣的事情以及尝试加入其活动？","0分 对身边所发生的事显得没有兴趣\n1分 对身边所发生的事显得有少许兴趣\n2分 常常四处观看以及回应身边所发生的事","","","是","0","严重","对身边所发生的事显得没有兴趣","1","轻微","对身边所发生的事显得有少许兴趣","2","恰当","常常四处观看以及回应身边所发生的事","","","","","",""
"228","照顾者报告","适应行为-AB","你的孩子会否望着周围的孩子？会否主动地接近其他同龄孩子以及尝试与他们一起玩耍？","0分 通常独自玩耍\n1分 有时会主动接近其他同龄孩子以及与他们一起玩耍\n2分 常常会主动接近其他同龄孩子以及尝试与他们一起玩耍","","","是","0","严重","通常独自玩耍","1","轻微","有时会主动接近其他同龄孩子以及与他们一起玩耍","2","恰当","常常会主动接近其他同龄孩子以及尝试与他们一起玩耍","","","","","",""
"229","照顾者报告","适应行为-AB","当有新活动时，你的孩子会否参与？会否毫无犹疑地尝试不同的新经验？","0分 常常自顾自进行自己的活动，被打扰时显得不快\n1分 在尝试新活动前，会表现犹疑不决\n2分 毫无犹疑地尝试不同的新活动","","","是","0","严重","常常自顾自进行自己的活动，被打扰时显得不快","1","轻微","在尝试新活动前，会表现犹疑不决","2","恰当","毫无犹疑地尝试不同的新活动","","","","","",""
"230","照顾者报告","适应行为-AB","你的孩子是否可以快速地学习新技巧？你有否发现他/她常常用新学的技巧？","0分 很少学习新技巧，通常投入于仪式化行为\n1分 有时会学习新技巧\n2分 能经常学习新技巧","","","是","0","严重","很少学习新技巧，通常投入于仪式化行为","1","轻微","有时会学习新技巧","2","恰当","能经常学习新技巧","","","","","",""
"231","照顾者报告","适应行为-AB","你的孩子是否投入于每天所发生的事情？是否表现明白现实世界，而无显得混沌或「脱离现实」？","0分 经常自我刺激，不投入环境中的事和物\n1分 有时投入于环境中的事和物，但有时脱离现实\n2分 身体上和心智上都经常投入于环境中的事和物","","","是","0","严重","经常自我刺激，不投入环境中的事和物","1","轻微","有时投入于环境中的事和物，但有时脱离现实","2","恰当","身体上和心智上都经常投入于环境中的事和物","","","","","",""
"232","照顾者报告","适应行为-AB","你的孩子在玩玩具时有否出现假想的情节？会否以人的特性加入成为玩具的性情，赋予玩具生命力？","0分 没有假想的情节，似是对玩具或物件的部分表现过分着迷\n1分 有时玩玩具时有假想的情节\n2分 经常玩玩具时有假想的情节","","","是","0","严重","没有假想的情节，似是对玩具或物件的部分表现过分着迷","1","轻微","有时玩玩具时有假想的情节","2","恰当","经常玩玩具时有假想的情节","","","","","",""
"233","照顾者报告","适应行为-AB","你的孩子能否常常在日常活动中表现已有的常识，以及避免发生意外或受伤？他/她会否在感到挫败时，克制自己而不会咬或拍打自己？","0分 经常使自己受伤，或在感到挫败时咬或拍打自己\n1分 玩耍时有时表现笨拙和可能会使自己受伤\n2分 玩耍时经常表现很小心和能避免发生意外或受伤","","","是","0","严重","经常使自己受伤，或在感到挫败时咬或拍打自己","1","轻微","玩耍时有时表现笨拙和可能会使自己受伤","2","恰当","玩耍时经常表现很小心和能避免发生意外或受伤","","","","","",""
"234","照顾者报告","适应行为-AB","你的孩子能否安定地坐或立，而没有如摇晃、拍打手或其他怪异动作？","0分 在坐或立时经常做出怪异的动作\n1分 有时站立竖直和能安坐，但当感到疲倦时，有时会做出怪异的动作\n2分 站立时竖直和能安坐，并没有怪异的动作","","","是","0","严重","在坐或立时经常做出怪异的动作","1","轻微","有时站立竖直和能安坐，但当感到疲倦时，有时会做出怪异的动作","2","恰当","站立时竖直和能安坐，并没有怪异的动作","","","","","",""
"235","照顾者报告","适应行为-AB","你的孩子会否主动地请你留意他/她的成功表现？","0分 不会因自己的成功而表现满足\n1分 很少或不恒常地对自己的成功表现满足\n2分 经常主动地请你留意他/她的成功表现","","","是","0","严重","不会因自己的成功而表现满足","1","轻微","很少或不恒常地对自己的成功表现满足","2","恰当","经常主动地请你留意他/她的成功表现","","","","","",""
"236","照顾者报告","适应行为-AB","你的孩子会否与其他孩子一起玩耍？","0分 对在场的孩子没有兴趣\n1分 会对在场的孩子有反应\n2分 会回应及与其他孩子一起玩耍","","","是","0","严重","对在场的孩子没有兴趣","1","轻微","会对在场的孩子有反应","2","恰当","会回应及与其他孩子一起玩耍","","","","","",""
"237","照顾者报告","适应行为-AB","你的孩子能否不需你的协助而从一个房间走到另一个房间？","0分 不察觉环境，需要协助才能在转换活动时到另一个房间\n1分 不常常自行从一个房间走到另一个房间，或需成人协助才能做到\n2分 能无需成人协助，从一个房间走到另一个房间","","","是","0","严重","不察觉环境，需要协助才能在转换活动时到另一个房间","1","轻微","不常常自行从一个房间走到另一个房间，或需成人协助才能做到","2","恰当","能无需成人协助，从一个房间走到另一个房间","","","","","",""
"238","照顾者报告","适应行为-AB","你的孩子会否在行人路行走时和过马路前在街角停顿？","0分 不察觉在街上行走时所需要注意的事情\n1分 会在行人路行走，但需要你协助才会在街角停顿\n2分 会在行人路行走、在街角停顿和等待你与他/她一起过马路","","","是","0","严重","不察觉在街上行走时所需要注意的事情","1","轻微","会在行人路行走，但需要你协助才会在街角停顿","2","恰当","会在行人路行走、在街角停顿和等待你与他/她一起过马路","","","","","",""
