"排序","分组","领域","评估项目","操作描述","所需材料","适用年龄","是否必答","评分说明_1_达标","评分说明_0.5_部分达标","评分说明_0_未达标"
"1","Level 1 (0-18月)","Mand(提要求)","Mand 1","发出 2 个话语，手语，或图片交换沟通系统，但可能需要仿说，模仿，或其他辅助，但不需要肢体辅助（如：饼干、书）","","0-18月","是","发出 2 个话语，手语，或图片交换沟通系统，但可能需要仿说，模仿，或其他辅助，但不需要肢体辅助（如：饼干、书）","(1-a) 发起眼神交流（注视转移）要求关注或其他的强化物 2 次; (1-b) 移动接近一个强化物来表示一个动机的存在 2 次; (1-c) 通过拉一个大人以获得一个强化物 2 次; (1-d) 手指或手势朝向强化物以得到它 2 次","以上行为均未观察到"
"2","Level 1 (0-18月)","Mand(提要求)","Mand 2","在无辅助下（除了“你想要什么？”）孩子能提出 4 个不同的要求，所要的物件可在眼前（如：音乐、彩虹弹簧、球）","","0-18月","是","在无辅助下（除了“你想要什么？”）孩子能提出 4 个不同的要求，所要的物件可在眼前（如：音乐、彩虹弹簧、球）","(2-a) 指向 2 个不同的强化物以获得它们 2 次; (2-b) 在提供一个强化物时点头说是或不是 2 次; (2-c) 没有仿说辅助提出 2 个不同要求——可能有语言或目标物的辅助; (2-d) 没有仿说或模仿辅助自发提出 1 个要求——可能有语言或目标物的辅助; (2-e) 通过 2 个不同的人和 2 个环境泛化 2 个已知的要求","以上行为均未观察到"
"3","Level 1 (0-18月)","Mand(提要求)","Mand 3","能将一个强化物泛化于 2 个人，2 个环境，与 2 个不同的例子，从而成为 6 个要求。（如：向爸爸和妈妈在屋里和屋外，对红瓶子里的和蓝瓶子里的泡泡分别提出要求）","","0-18月","是","能将一个强化物泛化于 2 个人，2 个环境，与 2 个不同的例子，从而成为 6 个要求。（如：向爸爸和妈妈在屋里和屋外，对红瓶子里的和蓝瓶子里的泡泡分别提出要求）","(3-a) 能自发地提出 2 个要求（无语言辅助）；——物品可在眼前; (3-b) 没有仿说或模仿的辅助提出 5 个要求——可能有语言和目标物的辅助; (3-c) 通过 2 个想要的物品的 2 个例子泛化 3 个要求（如：对 2 种不同的滑梯要求滑滑梯）; (3-d) 没有仿说或模仿的辅助提出 6 个不同的要求——可能有语言和目标物的辅助","以上行为均未观察到"
"4","Level 1 (0-18月)","Mand(提要求)","Mand 4","自发性地提出（没有语言辅助）5 项要求，所要的物品可在眼前（TO:60 分钟）","","0-18月","是","自发性地提出（没有语言辅助）5 项要求，所要的物品可在眼前（TO:60 分钟）","(4-a) 用一些可辨识的行为方式要求关注 2 次（如：在手臂上轻敲一下）; (4-b) 没有一个目标物在眼前提出 2 个要求——可能伴有你想要什么？; (4-c) 没有语言辅助提出 2 个要求——可能有目标物辅助; (4-d) 要求他人关注他正在关注的同一刺激物，每天 5 次; (4-e) 提出 1 个去除不喜欢的物品或活动（如：不）","以上行为均未观察到"
"5","Level 1 (0-18月)","Mand(提要求)","Mand 5","在无辅助下（除了“你想要什么？”）提出 10 种不同的要求，所要的物件可在眼前（如：苹果、秋千、车、果汁）","","0-18月","是","在无辅助下（除了“你想要什么？”）提出 10 种不同的要求，所要的物件可在眼前（如：苹果、秋千、车、果汁）","(5-a) 没有一个目标物在眼前而能够提出 3 个不同的要求——可能有一个语言辅助（如：妈妈）; (5-b) 没有语言辅助而能够提出 3 个不同的要求——可能有一个目标物的辅助; (5-c) 所提的要求包含音调的变化和当下的动机相符合，2 次; (5-d) 不超过 20 个回合训练即获得一个新要求; (5-e) 即使没有强化物，也能连续提出 2 次要求（坚持）","以上行为均未观察到"
"6","Level 2 (18-30月)","Mand(提要求)","Mand 6","在无辅助下（除了“你想要什么？”）能够要求 20 种不同的缺少东西（如：给予蜡笔时，要求纸张）","","18-30月","是","在无辅助下（除了“你想要什么？”）能够要求 20 种不同的缺少东西（如：给予蜡笔时，要求纸张）","(6-a) 在没有物品呈现和没有语言辅助情况下，自发提出 5 个要求; (6-b) 在没有仿说或模仿的辅助下提出 10 个不同的要求——物品可在眼前; (6-c) 没有辅助（除一个语言辅助）就能要求 5 个缺少的物品; (6-d) 对 4 个不同的人泛化 4 个要求; (6-e) 在没有接触物品 24 小时后仍然能维持一个最近获得的关于缺少物品的要求","以上行为均未观察到"
"7","Level 2 (18-30月)","Mand(提要求)","Mand 7","要求他人发出 5 种不同的行动或自己喜欢的活动所需但又缺少的行动（如：要求开门可以到外面去，在秋千上时要求推）","","18-30月","是","要求他人发出 5 种不同的行动或自己喜欢的活动所需但又缺少的行动（如：要求开门可以到外面去，在秋千上时要求推）","(7-a) 能用 2 个词语的短语或句子提出 2 次要求（如：喝果汁）（TO：60 分钟）; (7-b) 在语言辅助下要求他人做 2 个不同的动作（如：走、转）; (7-c) 能提出 2 个要求以去除不喜欢的物品或活动; (7-d) 能通过 2 个不同的提要求方法表现出反应泛化（如：将装有饮料的杯子称为杯子和饮料、将小狗称为狗狗和麦琪）; (7-e) 提要求时包含不同的与正面和反面动机相吻合的语调 5 次; (7-f) 能要求帮助或援助 2 次; (7-g) 表现出高频率的要求（5 分钟时间段内有 15 次要求）","以上行为均未观察到"
"8","Level 2 (18-30月)","Mand(提要求)","Mand 8","提 5 个不同的其中包含两个或两个以上的单词（不包括我要）的要求（如：快跑，该我了，倒果汁）（TO：60 分钟）","","18-30月","是","提 5 个不同的其中包含两个或两个以上的单词（不包括我要）的要求（如：快跑，该我了，倒果汁）（TO：60 分钟）","(8-a) 能用 2 个词语的短语或句子提出 5 次要求（TO:120 分钟）; (8-b) 用什么的疑问句要求信息 2 次（如：那是什么？）; (8-c) 用代词提要求 2 次（如：我的火车、那是你的）; (8-d) 用 3 种不同的连接性短语提要求（如：我想要…，这是我的…，我能…吗？那是我的…）; (8-e) 用是和不提要求 4 次（如：你想坐车吗？是的）; (8-f) 用哪里的疑问句要求信息 2 次（如：艾莫在哪里？）","以上行为均未观察到"
"9","Level 2 (18-30月)","Mand(提要求)","Mand 9","自发地提出 15 个不同的要求（如：我们来玩吧、打开、我要书）（TO：30 分钟）","","18-30月","是","自发地提出 15 个不同的要求（如：我们来玩吧、打开、我要书）（TO：30 分钟）","(9-a) 每天能自发地提出 50 个要求（可以有物品呈现，但没有语言辅助）; (9-b) 仅训练命名或仿说就能学会提 2 个要求（如：看到并命名一只活的长颈鹿、后来又要求回去看长颈鹿）; (9-c) 用任何类型的疑问词要求信息 25 次; (9-d) 用形容词要求 5 次（如：大薯片、红色的车）; (9-e) 能在 30 秒内提出 5 次要求（如：在一个像玩水之类的游戏或有趣的活动中）（TO:30 秒）; (9-f) 用包含 3 个词语的短语提要求 10 次（如：我的马）","以上行为均未观察到"
"10","Level 2 (18-30月)","Mand(提要求)","Mand 10","没有经过特别训练就能提出 10 个要求（如：没有经过正式的提要求训练就能自发说出小猫到哪里去了？）","","18-30月","是","没有经过特别训练就能提出 10 个要求（如：没有经过正式的提要求训练就能自发说出小猫到哪里去了？）","(10-a) 没有训练就能提出 2 个新的要求（如：没有训练就能说我想要热的可可）; (10-b) 通过 2 个不同的提要求方法表现出反应的泛化（如：抓住我、追我、跑）; (10-c) 用一个形容词提要求 5 次——可用语言和非语言辅助; (10-d) 使用谁的问题句要求信息 3 次; (10-e) 自发地要求他人做出 20 个不同的动作（如：跑、走、推我）; (10-f) 自发地对新的和陌生人提要求 2 次","以上行为均未观察到"
"11","Level 3 (30-48月)","Mand(提要求)","Mand 11","能够用特殊疑问句或用一个问题字自发地提出 5 个不同的关于信息的要求（如：你叫什么名字？我到哪里去？）（TO：60 分钟）","","30-48月","是","能够用特殊疑问句或用一个问题字自发地提出 5 个不同的关于信息的要求（如：你叫什么名字？我到哪里去？）（TO：60 分钟）","(11-a) 对同伴提要求 5 次; (11-b) 自发地要求关注 5 次（如：老师！嘿！打扰了）; (11-c) 在一周时间里，孩子提出 100 个或更多的不同的要求（TO：1 周）; (11-d) 用包含 3 个词语的短语提要求 10 次（如：我能看吗？）; (11-e) 要求特定数量的强化物 2 次（如：2 个小熊 QQ 糖）","以上行为均未观察到"
"12","Level 3 (30-48月)","Mand(提要求)","Mand 12","能够在 5 个不同环境中有礼貌地要求停止不喜欢的活动或者除去任何引起反感动机的条件（如：“请别再推我”“不啦，谢谢”“对不起，你能让一下吗？”）","","30-48月","是","能够在 5 个不同环境中有礼貌地要求停止不喜欢的活动或者除去任何引起反感动机的条件（如：“请别再推我”“不啦，谢谢”“对不起，你能让一下吗？”）","(12-a) 要求去除厌恶的物品或活动 2 次（如：拿走、把它放回去）; (12-b) 要求他人执行两步动作的活动 2 次（如：过来并看着我）; (12-c) 在大人间接的语言辅助下说请和谢谢（如：你该说什么？）; (12-d) 通过用同样的词语要求 2 个不同的强化物表现出动机操作（MO）的泛化（如：当要求注意力时说我们画画吧、当想摆脱工作时说我们画画吧）; (12-e) 要求其他人参与活动 2 次（如：过来玩、帮忙挖）","以上行为均未观察到"
"13","Level 3 (30-48月)","Mand(提要求)","Mand 13","能用 10  个不同的形容词、介词或副词提要求（如：“我的蜡笔断了”“别把它拿出去”“快走”）（TO：60分钟）","","30-48月","是","能用 10  个不同的形容词、介词或副词提要求（如：“我的蜡笔断了”“别把它拿出去”“快走”）（TO：60分钟）","(13-a) 自发要求使用卫生间 2 次; (13-b) 要求他人注意自己的非语言行为 2 次（如：看我）; (13-c) 要求他人注意环境中的某些方面 2 次（如：看，一辆卡车）; (13-d) 用 2 个不同的形容词提要求（如：我想要红色的小熊软糖）; (13-e) 用 2 个不同的介词提要求（如：把它放到屋子里）; (13-f) 用 2 个不同的副词提要求（如：慢一点）","以上行为均未观察到"
"14","Level 3 (30-48月)","Mand(提要求)","Mand 14","能够指出、说明或解释如何做某件事或如何参与一个活动？（如：“你先涂胶水，然后再把它粘起来”，“我去拿一本书，你在这里坐好”）达 5 次","","30-48月","是","能够指出、说明或解释如何做某件事或如何参与一个活动？（如：“你先涂胶水，然后再把它粘起来”，“我去拿一本书，你在这里坐好”）达 5 次","(14-a) 要求同情或其他的情感支持 2 次（如：他很坏）; (14-b) 要求其他人将一个特定的物品送给另外一个人 2 次（如：把这个给沙拉）; (14-c) 要求说明以便完成一个任务 2 次，（如：他去哪了？我该怎么做？）; (14-d) 自发的在一个句子中用 3 个主要的表达部分提要求（如：名词-动词-形容词）来提要求 2 次（如：快点推这个大的自行车。）","以上行为均未观察到"
"15","Level 3 (30-48月)","Mand(提要求)","Mand 15","要求他人注意自己的对话行为（如：“听我说…”，“让我来告诉你…”，“当时发生的是…”，“我来说个故事…”）达 5 次","","30-48月","是","要求他人注意自己的对话行为（如：“听我说…”，“让我来告诉你…”，“当时发生的是…”，“我来说个故事…”）达 5 次","(15-a) 用含有五个单词的短语或句子题要求 10 次（TO:60 分钟）; (15-b) 就关于未来事件要求信息 2 次; (15-c) 对个人事件要求关注 2 次（如：我的胃疼）; (15-d) 用为什么的提问要求信息 5 次; (15-e) 用如何的问题要求信息 5 次","以上行为均未观察到"
"16","Level 1 (0-18月)","Tact(命名)","Tact 1","能对两个物品进行命名（如：人物，偏好物，角色，或喜爱的物件）","","0-18月","是","能对两个物品进行命名（如：人物，偏好物，角色，或喜爱的物件）","(1-a) 有语言辅助和动机存在时，命名 1 个熟悉的人，偏好物或物品（如：妈妈）","以上行为均未观察到"
"17","Level 1 (0-18月)","Tact(命名)","Tact 2","对任何 4 个物件进行命名（如：人物，偏好物，角色，或喜爱的物件）","","0-18月","是","对任何 4 个物件进行命名（如：人物，偏好物，角色，或喜爱的物件）","部分达到里程碑描述的标准","以上行为均未观察到"
"18","Level 1 (0-18月)","Tact(命名)","Tact 3","命名 6 种非强化物（例如，鞋子帽子，勺子，汽车，杯子，床等），","","0-18月","是","命名 6 种非强化物（例如，鞋子帽子，勺子，汽车，杯子，床等），","(3-a) 通过 2 个不同的人和 2 种不同的环境，泛化已知的反应（如：能对爸爸和妈妈命名小猫，能在床上和厨房里命名爸爸）; (3-b) 通过对 2 种物品的每一种物品的两个样本进行泛化命名（如：命名 2 种不同的电话）","以上行为均未观察到"
"19","Level 1 (0-18月)","Tact(命名)","Tact 4","自发地（无口语辅助）命名 2 样不同的物件（TO：60 分钟）","","0-18月","是","自发地（无口语辅助）命名 2 样不同的物件（TO：60 分钟）","(4-a) 看全家福照片时，在语言辅助下命名 2 个家庭成员; (4-b) 从一本书或画片上（2D）命名 2 张图片（如：鸭子，球）","以上行为均未观察到"
"20","Level 1 (0-18月)","Tact(命名)","Tact 5","能命名 10 个物件（如：常见的物体，人物，身体部位或者图片）","","0-18月","是","能命名 10 个物件（如：常见的物体，人物，身体部位或者图片）","(5-a) 命名 5 张图片（2D）; (5-b) 24 小时后在没有训练的情况下，维持最近获得的命名; (5-c) 通过对 5 种物品的每种物品的 3 种样本进行泛化命名（如：命名 3 个不同的勺子）","以上行为均未观察到"
"21","Level 2 (18-30月)","Tact(命名)","Tact 6","当被问到“这是什么？”（如：书、鞋子、汽车、狗、帽子）时，能够命名 25 个物品","","18-30月","是","当被问到“这是什么？”（如：书、鞋子、汽车、狗、帽子）时，能够命名 25 个物品","(6-a) 用特定的名称命名 4 个不同的人，偏好物或角色（可包括妈妈和爸爸）; (6-b) 能根据问题命名 2 个动作，如：我在做什么？（如：跳跃、拍手）; (6-c) 不超过 20 个训练回合获得一个新的命名; (6-d) 在 15 秒的时间内能命名 5 次（流利性）","以上行为均未观察到"
"22","Level 2 (18-30月)","Tact(命名)","Tact 7","在测试时或从已知的泛化清单中（例如命名3 种不同的汽车），能够泛化命名50 种物品的3 个不同例子（如：命名 3 种不同的汽车）","","18-30月","是","在测试时或从已知的泛化清单中（例如命名3 种不同的汽车），能够泛化命名50 种物品的3 个不同例子（如：命名 3 种不同的汽车）","(7-a) 能命名 3 个身体部位，（如：鼻子、眼睛、嘴巴）; (7-b) 能命名 2 个听觉刺激，（如：电话铃声、警笛声、狗叫声）; (7-c) 自发地发出含有两个词语的命名，共有 5 个类似的不同命名（如：宝宝哭）; (7-d) 当问到“他在干什么？”时能命名 2 个不同的活动（如：喝水、游泳）; (7-e) 当问到“那是什么？”时，能命名 40 个物品（如：树、碗、袜子、蜡笔，苹果）","以上行为均未观察到"
"23","Level 2 (18-30月)","Tact(命名)","Tact 8","当面临“我在干什么？”（如：跳、睡、吃）的问题时，能命名 10 个动作","","18-30月","是","当面临“我在干什么？”（如：跳、睡、吃）的问题时，能命名 10 个动作","(8-a) 命名 2 个触觉刺激物（如：当在袋子里摸到球时说球）; (8-b) 能命名 5 个名-动词或动-名词的组合（如：小狗吃东西，滚球）; (8-c) 当被问到“你在这看见了什么？”时，能从一本书中不同的 10 页中命名 2 个或更多的物品; (8-d) 在 5 种场合下当命名时能看着听者","以上行为均未观察到"
"24","Level 2 (18-30月)","Tact(命名)","Tact 9","在测试时或从已知命名双词清单中（如：洗脸，舅舅游泳，宝宝睡觉），能够命名 50 组如动词加名词或名词加动词的两种成分组合","","18-30月","是","在测试时或从已知命名双词清单中（如：洗脸，舅舅游泳，宝宝睡觉），能够命名 50 组如动词加名词或名词加动词的两种成分组合","(9-a) 能命名 25 组两两相关的名词组合，如，纸和铅笔，汽车和卡车; (9-b) 不超过十五次训练回合就能获得一个新的命名; (9-c) 自发的在书中，电视上或视频中命名一些物品 5 次（如：《灰姑娘》中的辛德瑞拉）; (9-d) 没有直接的训练（如：不经训练仿说到命名的转换）获得 2 个新的命名; (9-e) 对 5 个物品表现出反应泛化（即，用两个不同的词语命名同一刺激物，老师和凯蒂，猫和加菲，狗和麦琪）","以上行为均未观察到"
"25","Level 2 (18-30月)","Tact(命名)","Tact 10","在测试时或从已知命名的积累清单中，能够命名总数为 200 的名词和/或动词，或其他语言成分","","18-30月","是","在测试时或从已知命名的积累清单中，能够命名总数为 200 的名词和/或动词，或其他语言成分","(10-a) 命名 10 个动作（如：攀爬、游戏、图色、游泳、洗）; (10-b) 命名 2 个味觉刺激（如：当尝到桔子时，能命名桔子）; (10-c) 在一分钟的流利性测试中能命名 20 个物品; (10-d) 命名 2 种不同的颜色（如，红色、蓝色）; (10-e) 能命名两种不同的形状（如：圆形、星形）","以上行为均未观察到"
"26","Level 3 (30-48月)","Tact(命名)","Tact 11","面对用混乱秩序提出的 5 个物件，孩子能够命名它们的颜色形状和功能（15 个回合）（）如：“冰箱是什么颜色？”“情人节的形状是什么？”“你用球来做什么？”）（这里部分是命名部分是对话）","","30-48月","是","面对用混乱秩序提出的 5 个物件，孩子能够命名它们的颜色形状和功能（15 个回合）（）如：“冰箱是什么颜色？”“情人节的形状是什么？”“你用球来做什么？”）（这里部分是命名部分是对话）","(11-a) 命名两种嗅觉刺激（如：饼干爆米花，花）; (11-b) 在一周内没有直接训练的情况下获得 5 个新的命名; (11-c) 通过其名字来命名 2 个人（非家庭成员）; (11-d) 命名 5 个类别或者分类（如，动物、饮料、玩具）; (11-e) 命名 5 个地点（如：厨房、卧室、操场、外婆家）; (11-f) 用是和不是命名 25 个物品和/或活动（如：这是你的鞋子吗？他的名字是贝奇吗？）（因为对任务增加了语言区辨性刺激，所以部分是对话）; (11-g) 命名 25 个物品的功能（如：给孩子一支蜡笔，并问他，你用这个干什么？）（部分对话）; (11-h) 命名 2 个具体特征和 25 个物品或人物的一部分，（如：汽车上的轮子和门）; (11-i) 在第一个回合中，就能泛化到新的物品或者活动，共 5 个事物","以上行为均未观察到"
"27","Level 3 (30-48月)","Tact(命名)","Tact 12","能够命名 4 个不同的介词（如，“在……中”，“在……外”，“在……上”，“在……下”），和 4 个代词（如：我、你、他、我的）","","30-48月","是","能够命名 4 个不同的介词（如，“在……中”，“在……外”，“在……上”，“在……下”），和 4 个代词（如：我、你、他、我的）","(12-a) 命名 25 个物品的类别（如：大人指着狗并说，狗是一种……）（部分对话）; (12-b) 从 10 张图片或物品中命名什么错的或缺了什么（如：脸没有鼻子）; (12-c) 命名 10 个物品的功能和类别（如：展示给儿童一块饼干并说：“你用这个干什么？”然后对他说：“饼干是一种……”）（部分对话）; (12-d) 命名 2 个介词的关系（如：奥斯卡在哪里？……在垃圾桶里）（部分对话）; (12-e) 用 2 个不同的代词命名人物（如：谁戴了帽子？……你戴了）（部分对话）; (12-f) 自发地命名一个物品的功能、特性和类别，共 5 个物品（如：那个应在游泳池里）; (12-g) 泛化特性，功能和类别表现为命名每个类别中的 10 个新成员（如：在训练了牛，鸟和猴子是动物之后，孩子第一次训练时能命名熊是动物）","以上行为均未观察到"
"28","Level 3 (30-48月)","Tact(命名)","Tact 13","能够命名 4 个不同的形容词，但不包括颜色和形状（如：快的、慢的、近的、轻的）","","30-48月","是","能够命名 4 个不同的形容词，但不包括颜色和形状（如：快的、慢的、近的、轻的）","(13-a) 用 4 个不同的术语命名人物的性别（女孩、男孩、男人、女人）; (13-b) 自发地命名其他人的行为 2 次; (13-c) 命名 2 对关系形容词（如：大和小，长和短），（如果问题是这是什么尺寸的？那就是部分对话）; (13-d) 自发地用 2 个不同的形容词命名; (13-e) 自发地用 2 个不同的副词命名; (13-f) 自发地命名物品所属权 2 次，（如：我的、你的）","以上行为均未观察到"
"29","Level 3 (30-48月)","Tact(命名)","Tact 14","能够命名含有 4 个以上字的完整句子，共达 20 次","","30-48月","是","能够命名含有 4 个以上字的完整句子，共达 20 次","(14-a) 用 4 个不同术语命名人物关系（如，姐妹、兄弟、外婆、叔叔），（如果使用问题那么就是部分对话）; (14-b) 在一个完整句中用 5 个形容词-名词组合命名（如：那是一只大狗）; (14-c) 在一个完整句中用 5 个动词-副词组合命名（如：他大声唱歌）; (14-d) 在一个完整句中用 5 个介词-名词组合命名（如：狗在房子里）; (14-e) 在一个完整句中用 5 个主语-动词-名词组合命名（如：女孩正在拉四轮马车）","以上行为均未观察到"
"30","Level 3 (30-48月)","Tact(命名)","Tact 15","通过测试或从以前积累的已知词汇表说明孩子能够命名 1000 个字（名词、动词和形容词等）","","30-48月","是","通过测试或从以前积累的已知词汇表说明孩子能够命名 1000 个字（名词、动词和形容词等）","(15-a) 命名自己或他人的 3 种情绪（如：难过，高兴，生气，害怕，累了）（如果使用了类似于“你感觉怎样？”的问题就是部分对话）; (15-b) 命名 5 个经常使用的具有语言功能的手势（如：捏鼻子表示闻到不好的气味，手指贴近嘴唇表示安静，竖起大拇指表示做得好，打哈欠表示累了）; (15-c) 命名 5 个职业人员（如：警察，消防员，护士，医生，快递员）; (15-d) 命名 2 个不同的否定词达 5 次（如：那不是一只猫）; (15-e) 命名 5 个社交的、社区的，或集体事件（如：游行、聚会、紧急情况）; (15-f) 自发地命名 2 个不同的社会情景（如：他们很忙，他们在争吵）; (15-g) 在包含至少 5 个单词的句子里用未经训练的词语命名 5 次","以上行为均未观察到"
"31","Level 1 (0-18月)","Listener(听者反应)","Listener 1","能有 5 次注意讲者的声音，并将目光转向讲者","","0-18月","是","能有 5 次注意讲者的声音，并将目光转向讲者","(1-a) 将头转向声源（如：铃声，吱吱作响的玩具，响铃的手机）","以上行为均未观察到"
"32","Level 1 (0-18月)","Listener(听者反应)","Listener 2","在听到自己的名字后，能作出反应并达 5 次，（如：看着讲者）","","0-18月","是","在听到自己的名字后，能作出反应并达 5 次，（如：看着讲者）","(2-a) 在听到看护者的声音微笑 2 次","以上行为均未观察到"
"33","Level 1 (0-18月)","Listener(听者反应)","Listener 3","当家庭成员、偏好物或其它强化物以 2 个一组的组合呈现时，（如：艾莫在哪？妈妈在哪里？）孩子能正确地看向、触摸，或指向 5 个不同的强化物","","0-18月","是","当家庭成员、偏好物或其它强化物以 2 个一组的组合呈现时，（如：艾莫在哪？妈妈在哪里？）孩子能正确地看向、触摸，或指向 5 个不同的强化物","(3-a) 听到自己的名字被叫时中断一个游戏活动; (3-b) 在适当的环境里对不，烫，停下，或其他指令作出反应; (3-c) 当被命名时关注一个目标物或图片（不需要辨别）5 次; (3-d) 在环境中对两个简单的（1 步）语言指令作出反应（如：有椅子时，听到“坐下”）; (3-e) 当有人提名时能够在两个家庭成员和/或偏好物之间辨别（如：爸爸在哪？）; (3-f) 把物品呈现在视觉水平时能在两个物品之间辨别（如：当大人展示一个球和一只鞋，同时要求摸球时，孩子能看向、触摸或指向一个球）","以上行为均未观察到"
"34","Level 1 (0-18月)","Listener(听者反应)","Listener 4","在没有视觉辅助下，能依据指令完成 4 个不同的粗大动作（如：你可以跳吗？拍手给我看）","","0-18月","是","在没有视觉辅助下，能依据指令完成 4 个不同的粗大动作（如：你可以跳吗？拍手给我看）","(4-a) 对 10 个不同的物品或图片在 2 的组合中，选择正确的物品; (4-b) 持续注意讲者达 2 秒; (4-c) 能够触摸 2 个身体部位（如：摸摸你的鼻子，你的耳朵在哪里？）; (4-d) 能表演 2 个大动作（如：拍手给我看。你可以转圈吗？）; (4-e) 当别人命名时，能在 3 个一组的组合中选择正确的物品，共 10 个不同的物品（如：狗、帽子、书）; (4-f) 通过五个不同的物品的各 2 个样本，泛化一个听者辨别（LD）任务（如：能辨别两种不同的狗，两种不同的杯子，两种不同的球）","以上行为均未观察到"
"35","Level 1 (0-18月)","Listener(听者反应)","Listener 5","能在 4 个一组的组合中，正确的选择 20 个不同的物件或图片（如：把猫给我，摸鞋子）","","0-18月","是","能在 4 个一组的组合中，正确的选择 20 个不同的物件或图片（如：把猫给我，摸鞋子）","(5-a) 能在 10 秒时间内辨别（LD）5 个物品（流利性测试）; (5-b) 在没有视觉辅助的情况下，按指令表演 6 个不同的大动作; (5-c) 在 24 小时后不要训练也能维持一个已获得的听者技能; (5-d) 能自发的（对反应没有直接的辅助时）表现出听者反应 2 次; (5-e) 每天三次通过 3 个不同的人，3 个不同的环境泛化听者任务","以上行为均未观察到"
"36","Level 2 (18-30月)","Listener(听者反应)","Listener 6","能够从每次展示的 6 个物品中选择正确的物品，共能选择 40 个不同的物品或者图片（如：找出猫或者摸摸球）","","18-30月","是","能够从每次展示的 6 个物品中选择正确的物品，共能选择 40 个不同的物品或者图片（如：找出猫或者摸摸球）","(6-a) 从 5 个一组的凌乱的组合中选择正确的物品，共 25 个不同的物品（如：汽车、书本、小狗、鞋子）; (6-b) 不超过 25 次的训练回合获得新的听者技能; (6-c) 通过名称对 6 个人物、偏好物或角色加以辨别（如：找一找奥斯卡）; (6-d) 在听者任务中对 25 个不同物品中的每一个泛化 3 个样本","以上行为均未观察到"
"37","Level 2 (18-30月)","Listener(听者反应)","Listener 7","能够在每次展示 8 件物品的组合中泛化区辨性的听者反应能力，共达 50 种物品并且每件物品都有三种不同的形式（如：孩子能找到三种不同形式的火车）","","18-30月","是","能够在每次展示 8 件物品的组合中泛化区辨性的听者反应能力，共达 50 种物品并且每件物品都有三种不同的形式（如：孩子能找到三种不同形式的火车）","(7-a) 能够根据要求走向 3 个特定的人（如：去黛比那里）; (7-b) 在一本书里指认 5 个命名的物品（如：消防车在哪？）; (7-c) 根据要求，在自然环境中选择 5 个物品，（如：在吃饭时拿勺子）; (7-d) 在自然环境中自发地表现出（没有对反应的辅助）5 个听者技能（如：当某人在房间里提到摇摆木马时，孩子自发的走向摇摆木马）","以上行为均未观察到"
"38","Level 2 (18-30月)","Listener(听者反应)","Listener 8","能在指令下做出 10 个特定的粗大动作（让我看看你拍手。你能跳一下吗？）","","18-30月","是","能在指令下做出 10 个特定的粗大动作（让我看看你拍手。你能跳一下吗？）","(8-a) 根据要求走向 3 个特定的地点（如：到厨房去、带我看看你的卧室）; (8-b) 从包含有 2 个相似刺激（如：一样的颜色）的 8 个一组的组合中，选择正确的物品，共 20 个物品; (8-c) 当给出物品发出的声音时选择一个物品，共 5 种物品（如：狗叫声：狗，警笛声：消防车）; (8-d) 从 8 个一组的组合从选择 2 个物品共五组（名词-名词）（如：宝宝和奶瓶在哪里？）","以上行为均未观察到"
"39","Level 2 (18-30月)","Listener(听者反应)","Listener 9","能够遵循 50 个由名词加动词和/或动词加名词组成的双重成分的指令（如：表演宝宝睡觉，推秋千）","","18-30月","是","能够遵循 50 个由名词加动词和/或动词加名词组成的双重成分的指令（如：表演宝宝睡觉，推秋千）","(9-a) 没有正式训练获得 2 个新的听者反应（如：某人叫另外一个人去开灯，孩子会走向灯那里，没人知道他已经知道了灯这个词语）; (9-b) 对五个不同的手势做出适当的反应（如：手指紧贴着嘴唇表示安静，掌心向外生，表示停止）; (9-c) 对 3 个不同的人表现出 3 个指定的动作（如，抱抱外婆，和姥姥击掌）; (9-d) 从一个场景、一本书或自然环境中选择 2 个目标物品，共 20 组物品，（名词-名词）（如：长颈鹿和大象在哪里？）","以上行为均未观察到"
"40","Level 2 (18-30月)","Listener(听者反应)","Listener 10","能够根据所提供的名称而从书中、图片、场景，和自然环境中选择正确的物品共达 250 件（通过测试或已知单词的积累清单表明）","","18-30月","是","能够根据所提供的名称而从书中、图片、场景，和自然环境中选择正确的物品共达 250 件（通过测试或已知单词的积累清单表明）","(10-a) 表演 2 个连续的动作，共 10 组不同的动作（动词-动词）（如：给我表演跳和拍手）; (10-b) 从 4 个不同颜色物品的组合中辨别 2 种颜色; (10-c) 从 4 个不同形状物品的组合中辨别 2 种形状; (10-d) 在名词-动词的听者任务中，对 5 个不同的动作用一个新的物品进行泛化（如：在经过旋转和滚动铅笔的训练后，孩子在第一个回合中就能正确地旋转和滚动吸管）; (10-e) 在名词-动词的听者任务中，对 5 个物品用一个新动作进行泛化（如：能旋转任何物品）","以上行为均未观察到"
"41","Level 3 (30-48月)","Listener(听者反应)","Listener 11","能够从一组 6 个相似的刺激物中根据颜色和形状来选择 4 种颜色和 4 种形状（如：找一找红色的车、找一找房的饼干）","","30-48月","是","能够从一组 6 个相似的刺激物中根据颜色和形状来选择 4 种颜色和 4 种形状（如：找一找红色的车、找一找房的饼干）","(11-a) 将 5 个具体的物品放在属于他们的地方（如：把头发刷子放好）; (11-b) 在 4 种不同颜色物品的组合中辨别 4 种颜色; (11-c) 在 4 种不同形状物品的组合中辨别 4 种形状; (11-d) 在 2 个不同的介词间进行辨别（如：在……中、在……上、在……下）; (11-e) 在得到一个代词后，能够辨别自己和他人（如：你的、我的）; (11-f) 在 8 个一组的组合中选择两种不同的颜色或形状，共 10 对（如：给我红色和蓝色）","以上行为均未观察到"
"42","Level 3 (30-48月)","Listener(听者反应)","Listener 12","能够听从包括 6 个不同介词的两个指令（如：站在椅子的后面）和 4 个不同的代词（如：摸摸我的耳朵）","","30-48月","是","能够听从包括 6 个不同介词的两个指令（如：站在椅子的后面）和 4 个不同的代词（如：摸摸我的耳朵）","(12-a) 遵循指令将物品拿到 5 个不同的地方（如：把托盘拿到水槽里）; (12-b) 到 5 个不同的地方并取回具体的物品（如：去厨房拿杯子）; (12-c) 根据一个形容词从相似刺激物的组合中选择物品（如：摸一摸小的鸟）; (12-d) 在男孩和女孩以及男人和女人之间进行性别的辨别（如：女孩在哪？）; (12-e) 给予一个代词在男性和女性之间进行辨别（如：他和她）; (12-f) 通过 2 个不同的副词表现出对动作的修饰（如：慢慢的走，快快的走）","以上行为均未观察到"
"43","Level 3 (30-48月)","Listener(听者反应)","Listener 13","能够在一组相似刺激物中根据 4 对相对性形容词（如：大的和小的，长的和短的）而选择物品，并且能够根据 4 对相对副词（如：安静的和大声的，很快的很慢的）而做出动作","","30-48月","是","能够在一组相似刺激物中根据 4 对相对性形容词（如：大的和小的，长的和短的）而选择物品，并且能够根据 4 对相对副词（如：安静的和大声的，很快的很慢的）而做出动作","(13-a) 根据要求表演 3 种假装的情绪（如：做伤心的脸给我看，做个开心的脸）; (13-b) 根据 1 个主语、形容词和名词识别（LDs）10 件物品（如：给我看女孩的红头发）; (13-c) 根据 1 个主语、介词和名词表演 10 个动作（如：把马放到畜棚里）; (13-d) 根据 1 个动词、代词和名词识别 10 件物品（如：梳她的头发）; (13-e) 将一个代词和一个介词泛化到新的环境中（如：对新朋友正确的使用他的）","以上行为均未观察到"
"44","Level 3 (30-48月)","Listener(听者反应)","Listener 14","能够执行 10 个不同的包含三个步骤的指令）（如：拿你的外套，把它挂好，然后坐下）","","30-48月","是","能够执行 10 个不同的包含三个步骤的指令）（如：拿你的外套，把它挂好，然后坐下）","(14-a) 根据一个主语、动词和副词表演 10 个动作（如：高高的青蛙跳给我看）; (14-b) 根据一个主语、动词和动词表演 10 个动作（如：给我表演大熊跳舞）; (14-c) 根据分类在 6 个社区服务人员之间进行辨别（如：护士，医生，邮寄员，公车司机）; (14-d) 对某些含有“一”对“二”对“所有”的 10 个任务作出正确的反应","以上行为均未观察到"
"45","Level 3 (30-48月)","Listener(听者反应)","Listener 15","通过测试或者从积累起来的已知词汇量表明，孩子能够理解 1200 个词汇（名词，动词和形容词）","","30-48月","是","通过测试或者从积累起来的已知词汇量表明，孩子能够理解 1200 个词汇（名词，动词和形容词）","(15-a) 根据给予的否定词在物品中进行辨别，共 10 个任务（如：哪个不是食物？）; (15-b) 在小组中辨别同伴的五个特性（如：谁穿了蓝色的袜子？谁有红色的头发？谁戴了眼镜？）; (15-c) 对 10 个含有单数和对复数的任务作出正确的反应（如：摸摸小狗，摸摸小狗们）; (15-d) 将 5 个形容词泛化到新名词（如：当第一次遇到一个粘蝇器时说，粘苍蝇的东西）; (15-e) 加 5 个副词泛化到新的动词去（如：当第一次遇到火山岩时，说“火山岩慢慢移动”）","以上行为均未观察到"
"46","Level 1 (0-18月)","VP/MTS(视觉配对)","VP-MTS 1","视觉上能 5 次追踪移动的刺激物达 2 秒（TO：30 分钟）","","0-18月","是","视觉上能 5 次追踪移动的刺激物达 2 秒（TO：30 分钟）","(1-a) 用视觉注意人和人脸 5 次; (1-b) 用视觉注意强化物 5 次","以上行为均未观察到"
"47","Level 1 (0-18月)","VP/MTS(视觉配对)","VP-MTS 2","用拇指，食指和中指抓起小物件（钳形抓握）","","0-18月","是","用拇指，食指和中指抓起小物件（钳形抓握）","(2-a) 伸手并成功抓取物品 5 次; (2-b) 用食指戳东西或用于其他的用途达到 5 次; (2-c) 用多种方式操作玩具或物品达 10 秒，5 次","以上行为均未观察到"
"48","Level 1 (0-18月)","VP/MTS(视觉配对)","VP-MTS 3","视觉上注意一个玩具或书本达 30 秒（不是一种自我刺激）","","0-18月","是","视觉上注意一个玩具或书本达 30 秒（不是一种自我刺激）","(3-a) 将物品从一只手转到另一只手达 5 次; (3-b) 寻找掉落已经看不见的物品达 5 次","以上行为均未观察到"
"49","Level 1 (0-18月)","VP/MTS(视觉配对)","VP-MTS 4","完成以下 2 项或其他类似活动，放置 3 个物品在容器中，堆叠 3 块积木或将 3 个环圈挂在桩子上","","0-18月","是","完成以下 2 项或其他类似活动，放置 3 个物品在容器中，堆叠 3 块积木或将 3 个环圈挂在桩子上","(4-a) 将物品从容器中倒出，或将物品从橱柜内拿出达 5 次; (4-b) 推和/或拉物品达 5 次","以上行为均未观察到"
"50","Level 1 (0-18月)","VP/MTS(视觉配对)","VP-MTS 5","配对任何 10 个相同的物品（如：嵌入式拼图、玩具、物件或图片）","","0-18月","是","配对任何 10 个相同的物品（如：嵌入式拼图、玩具、物件或图片）","(5-a) 视觉上注意玩具和书籍达 1 分钟，2 次; (5-b) 在一餐中成功使用勺子 5 次; (5-c) 没有形体辅助完成 3 件一组的拼图; (5-d) 试图使用任何一种书写工具涂写; (5-e) 将 2 个相似的物品放在一起 2 次（如：拿起一个相匹配的玩具）","以上行为均未观察到"
"51","Level 2 (18-30月)","VP/MTS(视觉配对)","VP-MTS 6","在一个 6 件物品的组合中，能配对完全一样的实物或图片，共达 25 件物品","","18-30月","是","在一个 6 件物品的组合中，能配对完全一样的实物或图片，共达 25 件物品","(6-a) 将 2 个物品或玩具联系在一起（如：乐高积木）; (6-b) 将相同的物品叠在一起达 2 次（如：碗、杯子、盘子）; (6-c) 能将书翻过 2 页; (6-d) 在没有辅助的情况下完成包含有 3~4 件的 3 套不同拼图; (6-e) 能无需帮助而堆叠 4 块积木; (6-f) 在 3 个一组整齐排列的组合中将不同尺寸的相同物品或图片进行配对，共 10 件物品（如：配对帽子）; (6-g) 能在 6 个一组凌乱排列的组合中将不同尺寸的相同物品或图片进行配对，共 10 件物品（如：将大的红色的球和小的红色的球配对）; (6-h) 将 5 件物品放在属于他们或适当的背景中（如：将杯子放在水槽里）","以上行为均未观察到"
"52","Level 2 (18-30月)","VP/MTS(视觉配对)","VP-MTS 7","能按照所给的范例对相同的颜色和形状进行分类，共达 10 种不同的颜色和形状之分类（如：在得到红色、蓝色和绿色的碗以及一堆红色、蓝色和绿色的小珠时，孩子能够按照颜色对物品进行分类）","","18-30月","是","能按照所给的范例对相同的颜色和形状进行分类，共达 10 种不同的颜色和形状之分类（如：在得到红色、蓝色和绿色的碗以及一堆红色、蓝色和绿色的小珠时，孩子能够按照颜色对物品进行分类）","(7-a) 在没有辅助的情况下完成包含 6 片或更多的拼图游戏，共 5 套; (7-b) 在 8 个一组的凌乱组合中配对相同的物品或图片，共 25 件物品; (7-c) 在 8 个一组的凌乱组合中配对有不同背景的相同图片，共 25 件物品; (7-d) 在 8 个一组的凌乱组合中，将相同的图片（2D）和实物（3D）进行配对，反之一样，共 10 对（如：能将托马斯火车的图片与托马斯火车的玩具配对）; (7-e) 在游戏或其他的情景中自发地将 2 件物品配在一起（如：拿起绿巨人的雕像和从雕像桶中选择绿巨人进行配对）; (7-f) 不超过 20 秒完成在 8 个一组的组合中对相同物件的配对，共 10 次配对（流利性）","以上行为均未观察到"
"53","Level 2 (18-30月)","VP/MTS(视觉配对)","VP-MTS 8","在一个数量为 8 的组合中而其中有三样东西相互相似，孩子能够将相同的东西或图片进行配对并且共能进行 25 个这样的配对（如：将一只狗和在同时又包含着猫、猪和小马的组合中的一只狗进行配对）","","18-30月","是","在一个数量为 8 的组合中而其中有三样东西相互相似，孩子能够将相同的东西或图片进行配对并且共能进行 25 个这样的配对（如：将一只狗和在同时又包含着猫、猪和小马的组合中的一只狗进行配对）","(8-a) 没有正式训练就能够泛化 5 个新的相同的配对任务; (8-b) 将相同的物品或图片与书中对应的物品进行配对，共 25 件; (8-c) 将相同的物品或图片与自然环境中对应的物品进行配对，共 25 件; (8-d) 为了 3 个游戏活动，从一个箱子里选择 3 个不同但有联系的物品（如：从一个装有其他玩具的箱子里拿出家畜）; (8-e) 成功地装配连接性玩具的 5 个部分，共 5 种（如：乐高积木、火车、土豆头先生）","以上行为均未观察到"
"54","Level 2 (18-30月)","VP/MTS(视觉配对)","VP-MTS 9","在数量为 10 的组合中对相似同类的实物或相似同类的图片进行配对并且配对总数为 25（如：将一辆福特卡车与一辆丰田卡车进行配对）","","18-30月","是","在数量为 10 的组合中对相似同类的实物或相似同类的图片进行配对并且配对总数为 25（如：将一辆福特卡车与一辆丰田卡车进行配对）","(9-a) 在 8 个一组的凌乱组合中将颜色不同，但其他方面完全相同的物品或图片进行配对，共 25 件物品（如：红色的福特野马和蓝色的福特野马）; (9-b) 在包含 2 个相似刺激的 8 个一组凌乱组合中，将不完全相同的物品或图片进行配对，共 25 件物品; (9-c) 将不完全相同的物品或图片与书中对应的物品配对，共 25 件物品; (9-d) 将不完全相同的物品或图片与自然环境中对应的物品配对，共 25 件物品; (9-e) 在自然环境中表现出自发的根据功能将样本配对，2 次（如：找到匹配的鞋子）","以上行为均未观察到"
"55","Level 2 (18-30月)","VP/MTS(视觉配对)","VP-MTS 10","在数量为 10 而其中又包括 3 个相似刺激的组合中，能够对相似同类的实物（3D）与图片（2D）或其相反的秩序进行配对，并且配对的总数为 25 个","","18-30月","是","在数量为 10 而其中又包括 3 个相似刺激的组合中，能够对相似同类的实物（3D）与图片（2D）或其相反的秩序进行配对，并且配对的总数为 25 个","(10-a) 组装、收集，或分类 5 种不同的但却匹配的玩具，人物，或物品（如：一套茶具）; (10-b) 将身体部位的卡片与他自己的身体部位进行配对，共 5 个身体部位; (10-c) 将一张活动的图片与一张同样活动但不完全相同的图片进行配对，共 10 个活动（如：将小女孩在游泳的图片与小男孩在不同游泳池游泳的图片进行配对）; (10-d) 在一本彩色画图本里为一张图片涂色，尽管不是始终在线内; (10-e) 将相互有关联的 10 个不同的物品进行配对（如：鞋子和袜子）","以上行为均未观察到"
"56","Level 3 (30-48月)","VP/MTS(视觉配对)","VP-MTS 11","能够自发地参照他人的美工活动而完成自己美工活动的任何部分达 2 次（如：一个同伴将气球涂成红颜色，孩子能够模仿同伴而将自己的气球也涂成红色）","","30-48月","是","能够自发地参照他人的美工活动而完成自己美工活动的任何部分达 2 次（如：一个同伴将气球涂成红颜色，孩子能够模仿同伴而将自己的气球也涂成红色）","(11-a) 用 10 个拼片完成 5 种不同的咬合性拼图; (11-b) 根据 2D 样本和 3D 积木完成 4 组件的积木造型，共 4 种造型; (11-c) 没有形体辅助就能使用胶水将物品粘在一起，共 2 次; (11-d) 将一个场所的图片与一个同样场所但有所不同的图片进行配对，共 10 个场所（如：将一张游乐场的图片与另一个该游乐场的不同图片进行配对）","以上行为均未观察到"
"57","Level 3 (30-48月)","VP/MTS(视觉配对)","VP-MTS 12","能在包含 3 个相同刺激物的 10 件物品之随意组合中，泛化对不完全相同物品的配对达 25 次（即在第一个回合中就能配对新的目标）","","30-48月","是","能在包含 3 个相同刺激物的 10 件物品之随意组合中，泛化对不完全相同物品的配对达 25 次（即在第一个回合中就能配对新的目标）","(12-a) 根据一个样本而从 3 个不同的类别中将 5 个相关联的物品加以归类（如：将所有的车辆从玩具罐中拿出来）; (12-b) 延迟 5 秒后，能够将不完全相同的物品与在 6 个一组的随意组合中的比较物品进行配对（如：给孩子看一只老虎，然后拿走老虎，等待 5 秒后，再展现一个组合）; (12-c) 根据 2D 样本和 3D 积木完成 6 组件的积木造型，共 8 种造型; (12-d) 用一个 3D 积木造型与 4 块积木进行配对（如：一个房子、塔）","以上行为均未观察到"
"58","Level 3 (30-48月)","VP/MTS(视觉配对)","VP-MTS 13","能用至少 8 个不同的部件，完成 20 个不同的积木造型，木质嵌塞，形状拼图或类似的任务","","30-48月","是","能用至少 8 个不同的部件，完成 20 个不同的积木造型，木质嵌塞，形状拼图或类似的任务","(13-a) 没有形体辅助就能用剪刀剪 5 种不同的花样或物品; (13-b) 用 6 个盘子和餐具为 2 个人摆餐桌; (13-c) 按从小到大整齐地摆放 3 组物品（顺序排列）; (13-d) 用至少 6 个部件模仿一个积木的模型结构或相似的物品组装","以上行为均未观察到"
"59","Level 3 (30-48月)","VP/MTS(视觉配对)","VP-MTS 14","能够在没有示范的情况下对 5 个不同类别中的 5 件物品进行归类（如：动物、衣服、家具）","","30-48月","是","能够在没有示范的情况下对 5 个不同类别中的 5 件物品进行归类（如：动物、衣服、家具）","(14-a) 用至少 6 个部分成功地完成一个人形拼图; (14-b) 在包含有 3 个相似刺激物的 6 个一组的组合中将 25 个相互有关联的物品配对; (14-c) 完成 10 个不同的顺序排列任务（如：从局部到整体、从小到大等）; (14-d) 用相同的图片玩短暂的“集中注意力”或记忆游戏","以上行为均未观察到"
"60","Level 3 (30-48月)","VP/MTS(视觉配对)","VP-MTS 15","能够完成 20 个包含有 3 个步骤的形状、顺序、或顺序排列的任务（例如五角星、三角形、心形、五角星，三角形……）","","30-48月","是","能够完成 20 个包含有 3 个步骤的形状、顺序、或顺序排列的任务（例如五角星、三角形、心形、五角星，三角形……）","(15-a) 用 5 种不同颜色或形状特征完成一个 A-B 模式; (15-b) 用 5 种不同的图片模型完成一个 A-B 模式; (15-c) 按正确顺序排列 3 张图片，共 5 套; (15-d) 用 5 个组件构建 5 个毡毛（或相似材料）情景（如：农场、聚会）","以上行为均未观察到"
"61","Level 1 (0-18月)","Play(游戏)","Play 1","触摸和探究物体达 1 分钟（如：看着一个玩具，将其翻转、按下按钮）（TO：30 分钟）","","0-18月","是","触摸和探究物体达 1 分钟（如：看着一个玩具，将其翻转、按下按钮）（TO：30 分钟）","(1-a) 有一个最喜爱的安慰物品，他可能与它一起睡觉或常拿着（如：一条毛毯、填充动物）; (1-b) 伸手向感兴趣的物品（如：钥匙、杯子、球）; (1-c) 能将物品从一只手转到另一只手; (1-d) 当大人拿起玩具时能看着玩具","以上行为均未观察到"
"62","Level 1 (0-18月)","Play(游戏)","Play 2","能独立地与 5 个不同的物件互动从而显示游戏中的变化（如：玩环圈、然后玩球、再玩积木）（TO：30 分钟）","","0-18月","是","能独立地与 5 个不同的物件互动从而显示游戏中的变化（如：玩环圈、然后玩球、再玩积木）（TO：30 分钟）","(2-a) 指向感兴趣的物品或玩具; (2-b) 扔下物品看着它们掉落或表现出对其他因果关系的兴趣; (2-c) 打开橱柜门，玩具盒，或将手伸进玩具箱; (2-d) 重复一个发出声音的游戏行为","以上行为均未观察到"
"63","Level 1 (0-18月)","Play(游戏)","Play 3","能在一个新环境中进行探索活动和操作玩具达 2 分钟（如：在一个新的游戏室）从而表现出泛化（TO：30 分钟）","","0-18月","是","能在一个新环境中进行探索活动和操作玩具达 2 分钟（如：在一个新的游戏室）从而表现出泛化（TO：30 分钟）","(3-a) 将一个感兴趣的玩具或物品给大人; (3-b) 把容器里的物品倒在地板上; (3-c) 将物品拿出或放进容器内; (3-d) 在一个新环境里泛化已知的游戏行为; (3-e) 将玩具或物品从一个地方搬到了另一个地方","以上行为均未观察到"
"64","Level 1 (0-18月)","Play(游戏)","Play 4","独立进行运动性游戏 2 分钟（如：荡秋千、跳舞、摇晃、跳、攀爬）（TO：30 分钟）","","0-18月","是","独立进行运动性游戏 2 分钟（如：荡秋千、跳舞、摇晃、跳、攀爬）（TO：30 分钟）","(4-a) 没有大人的语言辅助就能进到游戏室或相似的游戏建筑里; (4-b) 在大人示范玩玩具的玩法后学习正确地操作玩具（如：按弹起式玩玩具的按钮）; (4-c) 要求大人就一个物品提供帮助（如：孩子举起他无法打开的某个物品）; (4-d) 当音乐奏响的时候自发地跳舞; (4-e) 喜欢推或拉一辆马车、三轮车或其他的玩具车辆","以上行为均未观察到"
"65","Level 1 (0-18月)","Play(游戏)","Play 5","能独立玩因果关系的游戏达 2 分钟（如：往容器中倒东西、玩弹出玩具，牵拉玩具等）（TO：30 分钟）","","0-18月","是","能独立玩因果关系的游戏达 2 分钟（如：往容器中倒东西、玩弹出玩具，牵拉玩具等）（TO：30 分钟）","(5-a) 能将玩具一件件分开（如：乐高积木，组装积木）; (5-b) 自发地推和拉周围的物品; (5-c) 携带一个大件的游戏物品到一个新的地方（如：一个玩具车库）; (5-d) 发出与玩具有关的声音或词语（如：玩车时说呜呜）; (5-e) 使事件发生联系把他们放在一起（如：一辆汽车放在一个轨道上，乐高玩具）","以上行为均未观察到"
"66","Level 2 (18-30月)","Play(游戏)","Play 6","能寻找 5 个或 5 套玩具中的遗失部分、对应的玩具或一套玩具中的某个成分（如：一块拼图板、一个投掷玩具中的球、一个玩具娃娃的奶瓶）","","18-30月","是","能寻找 5 个或 5 套玩具中的遗失部分、对应的玩具或一套玩具中的某个成分（如：一块拼图板、一个投掷玩具中的球、一个玩具娃娃的奶瓶）","(6-a) 散步时携带 2 个或更多的玩具; (6-b) 独立地玩一套拼图 1 分钟; (6-c) 进行感觉性游戏达 2 分钟（如：从浅盘里舀沙子或米、玩刮胡泡沫）; (6-d) 在一个游泳池或浅水池里溅水或用物品玩水; (6-e) 玩有多个部分的玩具套组 2 分钟（如：家畜、一套球）","以上行为均未观察到"
"67","Level 2 (18-30月)","Play(游戏)","Play 7","能独立地表现出按照其功能而使用 5 件玩具或物品（如：把一辆火车放在轨道上、用手拉小车、将电话放在耳朵旁）","","18-30月","是","能独立地表现出按照其功能而使用 5 件玩具或物品（如：把一辆火车放在轨道上、用手拉小车、将电话放在耳朵旁）","(7-a) 在神奇画板、白板或纸上涂鸦; (7-b) 在活动的准备期间能够等待; (7-c) 没有大人互动独立游戏 2 分钟; (7-d) 在一个箱子里将喜欢玩具物品与其他物品做分类区别（如：拿出托马斯火车）; (7-e) 自发地模仿一个大人对物品的使用（如：梳头发）","以上行为均未观察到"
"68","Level 2 (18-30月)","Play(游戏)","Play 8","能够使用日常物品而进行游戏并创造两种不同的玩法（如：把一个碗当做鼓或把一个盒子当做想象的汽车）","","18-30月","是","能够使用日常物品而进行游戏并创造两种不同的玩法（如：把一个碗当做鼓或把一个盒子当做想象的汽车）","(8-a) 没有大人辅助独立在游乐场玩 2 分钟; (8-b) 在游戏场所观察，然后模仿其他的儿童（如：从滑梯上滑下）; (8-c) 将大的珠子、鞋带穿起，或做相似的精细动作休闲活动达 1 分钟; (8-d) 按设计玩 2 套玩具（如：锤子和工具玩具组、厨房玩具组）","以上行为均未观察到"
"69","Level 2 (18-30月)","Play(游戏)","Play 9","能够使用活动建筑与操场上的游戏设备独立地游戏达 5 分钟（如：滑滑梯、荡秋千）（TO：30 分钟）","","18-30月","是","能够使用活动建筑与操场上的游戏设备独立地游戏达 5 分钟（如：滑滑梯、荡秋千）（TO：30 分钟）","(9-a) 要求去一个游乐场或游戏建筑物，或以其他方式得到他不能独立获得的游戏项目（如：要求被举起到拉架上）; (9-b) 完成 5 套嵌入式拼图，其中每套有 5 件或更多件; (9-c) 用游戏建筑物的特定零件反复玩游戏（如：滑下滑梯数次、在索桥上来回反复走）; (9-d) 自发地将球往前踢","以上行为均未观察到"
"70","Level 2 (18-30月)","Play(游戏)","Play 10","组装 5 种不同的具有多样部件的玩具（如：土豆头先生、小人组合、玩具臭虫、组装玩具）","","18-30月","是","组装 5 种不同的具有多样部件的玩具（如：土豆头先生、小人组合、玩具臭虫、组装玩具）","(10-a) 按玩具设备的设计游戏（如：生日玩具、茶具）; (10-b) 允许其他人在靠得很近的地方游戏; (10-c) 对同伴已完成的项目表现出兴趣（如：沙子城堡、乐高造型）; (10-d) 要求同伴不要破坏他的建筑或玩具装配; (10-e) 当玩具配件遗失时能因陋就简地玩（如：即使汽车少了一个轮子但仍然继续玩）; (10-f) 活动过后在大人辅助下帮忙收拾玩具","以上行为均未观察到"
"71","Level 2 (18-30月)","Play(游戏)","Play 11","能自发地就 5 种情况（如：穿衣打扮、假装与毛绒动物开晚会、假装烹饪等）进行假装的或想象的游戏","","18-30月","是","能自发地就 5 种情况（如：穿衣打扮、假装与毛绒动物开晚会、假装烹饪等）进行假装的或想象的游戏","(11-a) 环绕障碍驾驶一个骑马玩具（如：围绕一根柱子骑三轮车或转滚圈）; (11-b) 在游戏活动中表现出 1 对 1 的一致性（如：将塑料鸡蛋放在鸡蛋包装盒里、将拿着奶瓶的娃娃放在床上）; (11-c) 独立拿取玩具和玩耍 2 分钟; (11-d) 在参与活动的过程中能够根据熟悉的歌曲唱、哼、或背诵几句话","以上行为均未观察到"
"72","Level 2 (18-30月)","Play(游戏)","Play 12","在 2 种活动中，能重复大动作的游戏行为从而获得更好的结果（如：将一个球扔进球篮里、用棒球棍击球、用跺脚来发射玩具火箭、荡秋千）","","18-30月","是","在 2 种活动中，能重复大动作的游戏行为从而获得更好的结果（如：将一个球扔进球篮里、用棒球棍击球、用跺脚来发射玩具火箭、荡秋千）","(12-a) 完成装配的活动（如：能用积木搭建造型、将串珠做成项链并戴上）; (12-b) 在一本彩色画图本上的一个图型上涂色; (12-c) 能独立地坐着看一本书达 5 分钟; (12-d) 在同一个区域游戏时能接受同伴的指导","以上行为均未观察到"
"73","Level 2 (18-30月)","Play(游戏)","Play 13","能独立进行美术活动或手工活动（如：作图、涂色、画画、剪纸、粘贴）达 5 分钟","","18-30月","是","能独立进行美术活动或手工活动（如：作图、涂色、画画、剪纸、粘贴）达 5 分钟","(13-a) 按其功能使用美工材料（如：用剪刀剪纸、使用胶水）; (13-b) 在活动中能等待轮流（如：等待另一个儿童从秋千上下来，或等待活动桌）; (13-c) 能独立画出可辨认的物品; (13-d) 向大人或同伴展示一个完成的作品（如：一件美工作品）; (13-e) 在一本彩色画图本里给物品涂色，大多数都涂在范围之内","以上行为均未观察到"
"74","Level 2 (18-30月)","Play(游戏)","Play 14","能够无需大人帮助或强化而独立进行连续性游戏活动达 10 分钟（如：玩神奇画板、玩穿衣打扮）","","18-30月","是","能够无需大人帮助或强化而独立进行连续性游戏活动达 10 分钟（如：玩神奇画板、玩穿衣打扮）","(14-a) 当一个活动中断或停止时能表现出恰当的行为（如：当大人告诉他停止时，孩子能停止游戏）; (14-b) 遵守安全规则（如：不要把物品投向其他孩子或在游戏架上不能爬得太高）; (14-c) 假装写一个便条; (14-d) 能独立地拿取、组合、完成并（在辅助下）放好游戏活动器具","以上行为均未观察到"
"75","Level 2 (18-30月)","Play(游戏)","Play 15","能够独立地在学前儿童活动书本上画画或写字（如：点连线、配对游戏、迷宫、临摹字母和数字）达 5分钟","","18-30月","是","能够独立地在学前儿童活动书本上画画或写字（如：点连线、配对游戏、迷宫、临摹字母和数字）达 5分钟","(15-a) 表现出乐意尝试更有挑战性的体育活动（如：骑有训练轮的自行车、排队溜冰、用棒击打高尔夫球）; (15-b) 自发地协助日常活动（如：摆餐桌、在花园里种植物、汇总袜子）; (15-c) 参与一个非首选的活动来获得一个喜欢的活动; (15-d) 玩电脑或电视游戏和正确地操作设备; (15-e) 在玩的过程中遇到问题会独立解决（如：拉一个卡住了的玩具）","以上行为均未观察到"
"76","Level 1 (0-18月)","Social(社交)","Social 1","能至少 5 次地视觉追视他人的移动并对此表示兴趣（TO：30 分钟）","","0-18月","是","能至少 5 次地视觉追视他人的移动并对此表示兴趣（TO：30 分钟）","(1-a) 当听到熟悉的声音时微笑 3 次（如：他的妈妈或爸爸的声音）（TO：60 分钟）; (1-b) 看着熟悉的人的脸至少 3 次（TO：60 分钟）; (1-c) 面向或与熟悉的人建立视觉交流 5 次（TO：30 分钟）","以上行为均未观察到"
"77","Level 1 (0-18月)","Social(社交)","Social 2","2 次表达他要别人抱她或想玩身体接触之类的游戏（如：爬到妈妈的腿上）（TO：60 分钟）","","0-18月","是","2 次表达他要别人抱她或想玩身体接触之类的游戏（如：爬到妈妈的腿上）（TO：60 分钟）","(2-a) 在身体接触游戏中能微笑或大笑达 5 次; (2-b) 参与和在互动性社会游戏中微笑达 2 次（如：烤馅饼、躲猫猫）; (2-c) 用注视、声音或手势寻求大人的关注达 3 次（如：指）（TO：60 分钟）","以上行为均未观察到"
"78","Level 1 (0-18月)","Social(社交)","Social 3","自发地看（扫视）其他孩子达 5 次（TO：30 分钟）","","0-18月","是","自发地看（扫视）其他孩子达 5 次（TO：30 分钟）","(3-a) 从一个大人那里拿一个想要的物品达 3 次（如：当给玩具时能拿玩具）; (3-b) 积极地接近其他的孩子达 2 次（可以是兄弟姐妹）; (3-c) 以眼神交流 2 秒来回应他人的问候达 2 次","以上行为均未观察到"
"79","Level 1 (0-18月)","Social(社交)","Social 4","自发地在其他孩子的周围进行平行游戏 2 分钟（如：靠近其他孩子坐在沙箱旁）（TO：30 分钟）","","0-18月","是","自发地在其他孩子的周围进行平行游戏 2 分钟（如：靠近其他孩子坐在沙箱旁）（TO：30 分钟）","(4-a) 在大人的辅助下接近其他儿童达 2 次（TO：30 分钟）; (4-b) 在集体活动中适当地站在其他儿童的附近 2 次（TO：30 分钟）; (4-c) 在辅助下对他人模仿挥手“拜拜”2 次; (4-d) 在大人辅助下，在集体活动中坐在其他孩子的旁边 2 次","以上行为均未观察到"
"80","Level 1 (0-18月)","Social(社交)","Social 5","自发地跟随同伴或模仿他们的大动作 2 次（如：跟随同伴到游戏室去）（TO：30 分钟）","","0-18月","是","自发地跟随同伴或模仿他们的大动作 2 次（如：跟随同伴到游戏室去）（TO：30 分钟）","(5-a) 自发地跟随其他的孩子 2 次; (5-b) 自发地模仿其他孩子的行为 2 次; (5-c) 在其他的人做出傻傻的、有乐趣的或令人愉快的行为时大笑或微笑达 2 次","以上行为均未观察到"
"81","Level 2 (18-30月)","Social(社交)","Social 6","发起与同伴形体互动达 2 次（TO:30 分钟）","","18-30月","是","发起与同伴形体互动达 2 次（TO:30 分钟）","(6-a) 当同伴说话时，看着他们 2 次; (6-b) 在大人辅助下在游戏中追逐同伴 2 次; (6-c) 在集体活动中（如：音乐）与同伴坐在一起，没有破坏性行为 2 分钟; (6-d) 在大人辅助下与同伴进行体能活动（如：从一个小丘上冲下来）2 次; (6-e) 自发地模仿同伴的 5 个不同的行为（O ）","以上行为均未观察到"
"82","Level 2 (18-30月)","Social(社交)","Social 7","自发地向同伴提要求达 5 次（如该我了、推我呀、看哪，过来）太黑了","","18-30月","是","自发地向同伴提要求达 5 次（如该我了、推我呀、看哪，过来）太黑了","(7-a) 再大人辅助下向同伴提要求 5 次（如：向凯迪要一块饼干）; (7-b) 在大人辅助下仿说同伴的声音或语调 2 次（如：他说什么）; (7-c) 在游戏活动中，自发地加入其它的儿童 2 次（如：游戏室）; (7-d) 自发地给同伴一个强化物 1 次","以上行为均未观察到"
"83","Level 2 (18-30月)","Social(社交)","Social 8","在没有大人的辅助和强化下，能持续地与同伴进行社会游戏达 3 分钟（如：一起合作摆好游戏玩具，或者玩水）（TO：30 分钟）","","18-30月","是","在没有大人的辅助和强化下，能持续地与同伴进行社会游戏达 3 分钟（如：一起合作摆好游戏玩具，或者玩水）（TO：30 分钟）","(8-a) 自发地用挥手或做语言行为问候同伴 1 次; (8-b) 自发地模仿同伴的用物品的动作 2 次（如：纸风车）; (8-c) 在大人的辅助下对同伴的要求作出回应达 2 次（如：给他那个汽车）; (8-d) 自发地仿说同伴的词语达 2 次","以上行为均未观察到"
"84","Level 2 (18-30月)","Social(社交)","Social 9","自发地回应来自同伴的要求（如：把我拉进小车，我要那个火车）达５次（Ｅ）","","18-30月","是","自发地回应来自同伴的要求（如：把我拉进小车，我要那个火车）达５次（Ｅ）","(9-a) 自发地复制同伴的玩具或其他物品的造型 1 次（如：乐高积木）; (9-b) 对来自同伴的关于物品的要求作出恰当的反应 2 次（如：给我那个卡车）; (9-c) 对来自同伴的一个活动的要求作出恰当的反应 2 次（如：推我）（Ｅ）; (9-d) 对同伴请求停止一个行为的要求做出恰当的反应１次（如：停止推我）（Ｅ）; (9-e) 自发要求大人的帮助１次（Ｏ）; (9-f) 在大人的辅助下为了同伴的好处而命名物品２次（如：那是你的车）（Ｏ）","以上行为均未观察到"
"85","Level 2 (18-30月)","Social(社交)","Social 10","能够自发地要求同伴一起参与到各种活动和社会互动中去达２次（如：大家来玩吧，让我们挖个小洞）（TO：60 分钟）","","18-30月","是","能够自发地要求同伴一起参与到各种活动和社会互动中去达２次（如：大家来玩吧，让我们挖个小洞）（TO：60 分钟）","(10-a) 自发地要求同伴执行指令２次（如：把自行车放这）（Ｏ）; (10-b) 自发地要求他人关注他正在关注的事物（如：看这里）（Ｏ）; (10-c) 自发地要求他人关注他的行为２次（如：看我）（Ｏ）; (10-d) 要求同伴的关注２次（如：嘿，强尼！）（Ｏ）; (10-e) 自发地模仿同伴骑三轮车、玩具汽车或其他用来骑的玩具２次（Ｏ）","以上行为均未观察到"
"86","Level 3 (30-48月)","Social(社交)","Social 11","自发地与一个同伴合作从而达到一个具体的目标 5 次（如：一个孩子拿着一个小桶而另一个孩子往里面倒水）","","30-48月","是","自发地与一个同伴合作从而达到一个具体的目标 5 次（如：一个孩子拿着一个小桶而另一个孩子往里面倒水）","(11-a) 在大人的辅助下参与合作活动 2 次（如：玩降落伞）; (11-b) 恰当地要求同伴停止一个不喜欢的行为 2 次; (11-c) 等待强化物的机会而没有不良行为 2 次; (11-d) 接受同伴的邀请参与一个社会性游戏活动 2 次; (11-e) 用一个特殊疑问句向同伴提要求 2 次（如：铁铲在哪里？你叫什么名字？）","以上行为均未观察到"
"87","Level 3 (30-48月)","Social(社交)","Social 12","自发地使用疑问句向同伴提要求达 5 次（如：你到哪里去？那是什么？你现在扮演谁呢？）（TO：60 分钟）","","30-48月","是","自发地使用疑问句向同伴提要求达 5 次（如：你到哪里去？那是什么？你现在扮演谁呢？）（TO：60 分钟）","(12-a) 在一个假装游戏活动中自发地模仿同伴的行为 2 次; (12-b) 自发地用“哪里来”要求得到关于不在同伴的信息 2 次; (12-c) 自发地用“什么”来要求得到与一个同伴行为相关的信息 2 次; (12-d) 自发地用“谁”来要求得到关于一个不认识人的信息 2 次; (12-e) 有一个“最好的朋友”（即，会与一个特定的儿童经常在一起玩）; (12-f) 与同伴至少有 3 个回合的语言交流","以上行为均未观察到"
"88","Level 3 (30-48月)","Social(社交)","Social 13","用对话形式回答来自同伴的 5 个不同的问题或陈述（如：用语言来回答“你想玩什么？”）（TO：60 分钟）","","30-48月","是","用对话形式回答来自同伴的 5 个不同的问题或陈述（如：用语言来回答“你想玩什么？”）（TO：60 分钟）","(13-a) 对一个大人或同伴自发地使用请和谢谢你达 2 次; (13-b) 表现出任何与一个同伴的语言交流 2 次; (13-c) 在社会游戏活动中执行同伴提出的要求达 2 次; (13-d) 在社会游戏活动中给同伴要求达 2 次; (13-e) 自发地给同伴提供强化物（分享）达 2 次","以上行为均未观察到"
"89","Level 3 (30-48月)","Social(社交)","Social 14","在不需要大人辅助的情况下能够与同伴进行想象性的社会游戏活动达 5 分钟（如：打扮穿衣、模仿电视人物而动作、玩家家）","","30-48月","是","在不需要大人辅助的情况下能够与同伴进行想象性的社会游戏活动达 5 分钟（如：打扮穿衣、模仿电视人物而动作、玩家家）","(14-a) 参与一由同伴组织的社会游戏活动（如：红灯/绿灯）2 次; (14-b) 自发地提要求以得到一个新的或不熟悉的孩子的名字 1 次; (14-c) 在没有辅助的情况下与同伴轮流和分享强化物 2 次; (14-d) 对同伴的笑话或幽默能大笑或微笑 2 次; (14-e) 对同伴的兴趣提问 1 次","以上行为均未观察到"
"90","Level 3 (30-48月)","Social(社交)","Social 15","就每个主题能够与同伴进行 4 个回合的语言交流且共达 5 个主题（如：孩子就如何在沙箱里挖小溪而来回地对话）","","30-48月","是","就每个主题能够与同伴进行 4 个回合的语言交流且共达 5 个主题（如：孩子就如何在沙箱里挖小溪而来回地对话）","(15-a) 与同伴进行至少 3 个回合的语言交流 2 次; (15-b) 在一个场合下与两个或更多的同伴进行语言交流 2 次; (15-c) 在一个同伴拿走强化物时表现出恰当的应对行为 2 次; (15-d) 能够注意同伴讲故事达 10 秒，2 次; (15-e) 至少用 2 个命名叙述一个同伴的活动，2 次; (15-f) 当同伴受伤时自发地给予安慰 2 次; (15-g) 就强化物与同伴商谈 2 次","以上行为均未观察到"
"91","Level 1 (0-18月)","Imitation(模仿)","Imitation 1","在“这样做”（如：拍手，举起双臂）的辅助下模仿 2 个粗大动作","","0-18月","是","在“这样做”（如：拍手，举起双臂）的辅助下模仿 2 个粗大动作","(1-a) 模仿怪脸动作 3 次（如：噘嘴、张嘴）; (1-b) 按照指令模仿他人的 1 个大动作（即，当要求时会模仿）","以上行为均未观察到"
"92","Level 1 (0-18月)","Imitation(模仿)","Imitation 2","在“这样做”的辅助下模仿 4 个粗大动作","","0-18月","是","在“这样做”的辅助下模仿 4 个粗大动作","(2-a) 模仿 2 个使用物品的动作（如：使用玩具锤子敲击，或滚球）; (2-b) 自发地模仿 2 个不同的有趣的活动（如：躲猫猫、炒蛋糕）","以上行为均未观察到"
"93","Level 1 (0-18月)","Imitation(模仿)","Imitation 3","模仿 8 个粗大动作，其中 2 个涉及物体（如：摇晃沙球、敲击木棒）","","0-18月","是","模仿 8 个粗大动作，其中 2 个涉及物体（如：摇晃沙球、敲击木棒）","(3-a) 能模仿 2 个精细动作（如：晃动手指、打开和握紧拳头）; (3-b) 能自发模仿他人的 2 个粗大动作（如：举起手臂）; (3-c) 能模仿左右摇摆身体; (3-d) 对 2 个其他的人泛化已学会的模仿行为（如：对 2 个新的大人拍手）","以上行为均未观察到"
"94","Level 1 (0-18月)","Imitation(模仿)","Imitation 4","在 5 种情况下，自发地模仿他人的动作行为","","0-18月","是","在 5 种情况下，自发地模仿他人的动作行为","(4-a) 模仿用手指人或物品; (4-b) 模仿将物品从一只手转到另一只手; (4-c) 能模仿 5 个会产生结果的动作（如：按弹出式玩具的按钮）; (4-d) 能模仿 2 个头部动作（如：点头是和不是）","以上行为均未观察到"
"95","Level 1 (0-18月)","Imitation(模仿)","Imitation 5","模仿 20 个任何类型的动作（如：精细动作、粗大动作、物体模仿）","","0-18月","是","模仿 20 个任何类型的动作（如：精细动作、粗大动作、物体模仿）","(5-a) 能模仿 5 个不同的精细动作（如：用食指戳黏土、钳形抓取）; (5-b) 在辅助下模仿其他孩子的粗大动作 2 次（如：跑步）; (5-c) 在 2 个场合自发地模仿他人的动作（如：填满容器）; (5-d) 在 3 个新人面前表现出 10 个模仿行为的泛化","以上行为均未观察到"
"96","Level 2 (18-30月)","Imitation(模仿)","Imitation 6","能够模仿 10 个动作，而每个动作都要求从一个组合中选择一个特殊的物件（如：从一个包含有喇叭与铃铛的组合中选择一个鼓锤并模仿大人敲鼓）","","18-30月","是","能够模仿 10 个动作，而每个动作都要求从一个组合中选择一个特殊的物件（如：从一个包含有喇叭与铃铛的组合中选择一个鼓锤并模仿大人敲鼓）","(6-a) 模仿吹气 2 次（如：泡泡、蜡烛、气球）; (6-b) 模仿 5 个常见动作（如：耸耸肩膀、竖起大拇指、手指靠近嘴唇）; (6-c) 模仿翻一页书; (6-d) 从 2 个一组的组合中选择特定的物品模仿 5 个动作（如：从娃娃和小狗中选择小狗并模仿抱小狗）; (6-e) 模仿拆开 5 个不同的物品部件（如：乐高积木、组装积木、容器的盖子）","以上行为均未观察到"
"97","Level 2 (18-30月)","Imitation(模仿)","Imitation 7","在“这样做”的辅助下模仿 20 个不同的精细动作（如：摆动手指、拧、握拳、做蝴蝶）","","18-30月","是","在“这样做”的辅助下模仿 20 个不同的精细动作（如：摆动手指、拧、握拳、做蝴蝶）","(7-a) 在自然环境中模仿 3 个游戏行为（如：把一辆车推下斜坡）; (7-b) 能模仿 5 个 2 步行为（如：摸摸头再摸摸肩）; (7-c) 自发地模仿一个从电视或视频里观察到的行为（如：跳舞、跳跃）; (7-d) 模仿 5 个表情（如：亲吻、张开嘴、闭眼、皱鼻子）; (7-e) 在没有训练的 24 小时后仍能维持最近学会的模仿行为; (7-f) 在一次训练时就能正确地模仿一个新的行为; (7-g) 模仿 5 个手指游戏的例子（如：用两根手指假装走路、手指跳舞）","以上行为均未观察到"
"98","Level 2 (18-30月)","Imitation(模仿)","Imitation 8","在“这样做”的辅助下，模仿 10 个不同的有三步顺序的动作（拍拍手、跳一下、摸脚趾；拿起娃娃，把它放进摇篮里，摇摇篮）","","18-30月","是","在“这样做”的辅助下，模仿 10 个不同的有三步顺序的动作（拍拍手、跳一下、摸脚趾；拿起娃娃，把它放进摇篮里，摇摇篮）","(8-a) 在 10 秒钟的流利性测试中模仿 5 个动作; (8-b) 在 2 个场合模仿画一个圆; (8-c) 模仿 5 个假装游戏活动（如：一个怪兽、倒茶、射击蜘蛛网）; (8-d) 自发地模仿 5 个美工活动的精细动作（如：剪、粘贴、画画）; (8-e) 通过从模仿到听者的控制转换学会 5 个新的听者技能（如：首先别人示范怎么玩、接着告诉怎么玩、孩子学会投掷玩具钓鱼竿）; (8-f) 在日常活动的 2 个场合里模仿其他的儿童（如：排队、拉小车）; (8-g) 重复一个先前看到的有趣的行为（延迟性模仿）（如：喷水）","以上行为均未观察到"
"99","Level 2 (18-30月)","Imitation(模仿)","Imitation 9","能够在自然环境中自发地模仿 5 个功能性的技能（如：用调羹吃东西、穿衣服、脱鞋）","","18-30月","是","能够在自然环境中自发地模仿 5 个功能性的技能（如：用调羹吃东西、穿衣服、脱鞋）","(9-a) 在 2 个场合里模仿同伴所示范的社会戏剧性游戏活动; (9-b) 在集体活动中自发地模仿 5 个行为（如：当其他儿童坐时坐下）; (9-c) 模仿 10 个两步骤的活动（如：假装倒茶和喝茶）; (9-d) 模仿同一个行为的快速和慢速，共 5 个行为（如：快快地抬手和慢慢地抬手）","以上行为均未观察到"
"100","Level 2 (18-30月)","Imitation(模仿)","Imitation 10","在大人使用或不使用实物示范任何新的动作后，能够模仿（或试图近似地模仿）这种动作（这也是所谓的“泛化的模仿能力”）","","18-30月","是","在大人使用或不使用实物示范任何新的动作后，能够模仿（或试图近似地模仿）这种动作（这也是所谓的“泛化的模仿能力”）","(10-a) 模仿搭建物品或玩玩具建筑套组（如：乐高积木、火车组、Lincoln logs）; (10-b) 模仿多步骤的功能性自我服务技能的 5 个顺序（如：刷牙、洗脸、穿鞋子）; (10-c) 模仿日常生活技能的 5 个功能性活动（如：摆餐具、扫地）; (10-d) 在假扮游戏中表现出对大人行为的延迟性模仿（如：开车、打字）; (10-e) 按指令模仿 50 个不同的动作行为","以上行为均未观察到"
"101","Level 1 (0-18月)","Echoic(仿说)","Echoic 1","在 EESA 分测试中至少得 2 分","","0-18月","是","在 EESA 分测试中至少得 2 分","在 EESA 分测试中得 1 分","以上行为均未观察到"
"102","Level 1 (0-18月)","Echoic(仿说)","Echoic 2","在 EESA 分测试中至少得 5 分","","0-18月","是","在 EESA 分测试中至少得 5 分","在 EESA 分测试中得 3 分","以上行为均未观察到"
"103","Level 1 (0-18月)","Echoic(仿说)","Echoic 3","在 EESA 分测试中至少得 10 分","","0-18月","是","在 EESA 分测试中至少得 10 分","在 EESA 分测试中得 7 分","以上行为均未观察到"
"104","Level 1 (0-18月)","Echoic(仿说)","Echoic 4","在 EESA 分测试中至少得 15 分","","0-18月","是","在 EESA 分测试中至少得 15 分","在 EESA 分测试中得 12 分","以上行为均未观察到"
"105","Level 1 (0-18月)","Echoic(仿说)","Echoic 5","在 EESA 分测试中至少得 25 分（从第 1 组中至少得 10 分）","","0-18月","是","在 EESA 分测试中至少得 25 分（第一组中得到 20 分）","在 EESA 分测试中得 20 分（第一组中得到 15 分）","以上行为均未观察到"
"106","Level 2 (18-30月)","Echoic(仿说)","Echoic 6","在 EESA 分测试中至少得 50 分（从第 2 组中至少得 20 分）","","18-30月","是","在 EESA 分测试中至少得 50 分（从第 2 组至少得 20 分）","在 EESA 分测试中得 40 分（从第 2 组至少得 15 分）","以上行为均未观察到"
"107","Level 2 (18-30月)","Echoic(仿说)","Echoic 7","在 EESA 分测试中至少得 60 分","","18-30月","是","在 EESA 分测试中至少得 60 分","在 EESA 分测试中得 55 分","以上行为均未观察到"
"108","Level 2 (18-30月)","Echoic(仿说)","Echoic 8","在 EESA 分测试中至少得 70 分","","18-30月","是","在 EESA 分测试中至少得 70 分","在 EESA 分测试中得 65 分","以上行为均未观察到"
"109","Level 2 (18-30月)","Echoic(仿说)","Echoic 9","在 EESA 分测试中至少得 80 分","","18-30月","是","在 EESA 分测试中至少得 80 分","在 EESA 分测试中得 75 分","以上行为均未观察到"
"110","Level 2 (18-30月)","Echoic(仿说)","Echoic 10","在 EESA 分测试中至少得 90 分（从第 4 和 5 组中至少得 20 分）","","18-30月","是","在 EESA 分测试中至少得 90 分（从第 4 和 5 组中至少得 20 分）","在 EESA 分测试中得 85 分（从第 4 和 5 组中至少得 10 分）","以上行为均未观察到"
"111","Level 1 (0-18月)","Vocal(发音)","Vocal 1","平均每个小时 5 次自发性地发出声音（TO:60min）","","0-18月","是","平均每个小时 5 次自发性地发出声音","平均每个小时 2 次自发性地发出声音","以上行为均未观察到"
"112","Level 1 (0-18月)","Vocal(发音)","Vocal 2","自发性地发出 5 种不同的声音，平均每个小时共达 10 个声音（TO:60min）","","0-18月","是","自发性地发出 5 种不同的声音，平均每个小时共达 10 个声音","自发性地发出 3 种不同的声音","以上行为均未观察到"
"113","Level 1 (0-18月)","Vocal(发音)","Vocal 3","自发性地用多变化的语调发出 10 种不同的声音，平均每个小时共达 25 个声音（TO:60min）","","0-18月","是","自发性地用多变化的语调发出 10 种不同的声音，平均每个小时共达 25 个声音","自发性地发出 5 种不同的声音","以上行为均未观察到"
"114","Level 1 (0-18月)","Vocal(发音)","Vocal 4","自发性地发出 5 个不同的近似的完整词语（TO:60min）","","0-18月","是","自发性地发出 5 个不同的近似的完整词语","自发性地发出 2 个不同的近似的完整词语","以上行为均未观察到"
"115","Level 1 (0-18月)","Vocal(发音)","Vocal 5","自发性地以适当的语调和节奏发出 15 个完整的单词或短语（TO:60min）","","0-18月","是","自发性地以适当的语调和节奏发出 15 个完整的单词或短语","自发性地以适当的语调和节奏发出 8 个完整的单词或短语","以上行为均未观察到"
"116","Level 2 (18-30月)","LRFFC(听者功能)","LRFFC 6","根据对象所发出的不同声音，能够从一组 3 张图片中正确选择 5 种动物或物品（如：喵喵地叫……、嘟嘟地叫……）","","18-30月","是","根据对象所发出的不同声音，能够从一组 3 张图片中正确选择 5 种动物或物品（如：喵喵地叫……、嘟嘟地叫……）","部分达到里程碑描述的标准","以上行为均未观察到"
"117","Level 2 (18-30月)","LRFFC(听者功能)","LRFFC 7","根据每次展示的 5 之组合中的一个食品或饮料（其他还有 4 个非食物或非饮料的物件），并在“你吃的东西……”和“你喝的东西……”的语言填空指令下，能够选择 5 个不同的食物或饮料","","18-30月","是","根据每次展示的 5 之组合中的一个食品或饮料（其他还有 4 个非食物或非饮料的物件），并在“你吃的东西……”和“你喝的东西……”的语言填空指令下，能够选择 5 个不同的食物或饮料","(7-a) 能从 5 个一组的组合中选择物品，共 5 个不同的填空句（如：你睡在……）; (7-b) 能从 5 个一组的组合中选择物品，共 5 首不同的与选择物品相应的填空歌（如：有轮子的……）; (7-c) 能将 10 个已会的 LRFFC 反应泛化到不同的音调、音量、韵律等方面","以上行为均未观察到"
"118","Level 2 (18-30月)","LRFFC(听者功能)","LRFFC 8","在 25 个不同的关于功能特性类别之听者行为的口述条件下（如“你可以坐在上面的……”），能够从 8 个物品的组合中选择一件正确的物件完成填空","","18-30月","是","在 25 个不同的关于功能特性类别之听者行为的口述条件下（如“你可以坐在上面的……”），能够从 8 个物品的组合中选择一件正确的物件完成填空","(8-a) 能就 5 个不同的口语连接词，从 6 个一组的组合中选择物品（如：鞋子和……）; (8-b) 能就 10 个功能性填充的陈述，从 6 个一组的组合中选择物品（如：你画画用……）; (8-c) 当口语连接词的顺序颠倒时，能对 5 个已会的 LRFFC 作出正确的反应（如：鞋子和……与袜子和……）; (8-d) 能将 10 个已会的 LRFFC 反应泛化到 2 个新的人那里去; (8-e) 能将 10 个已会的 LRFFC 反应用于自然的环境（如：去拿可以用来画画的东西）","以上行为均未观察到"
"119","Level 2 (18-30月)","LRFFC(听者功能)","LRFFC 9","在分别听到 25 个不同的与功能特性类别听者反应有关的含有“什么”、“哪个”或“谁”的动词及名称问题时（如：你乘坐什么？什么在叫？谁会蹦跳？），能够从 10 个物品的组合中（或从一本书中）选择正确的物件","","18-30月","是","在分别听到 25 个不同的与功能特性类别听者反应有关的含有“什么”、“哪个”或“谁”的动词及名称问题时（如：你乘坐什么？什么在叫？谁会蹦跳？），能够从 10 个物品的组合中（或从一本书中）选择正确的物件","(9-a) 能就 10 个类别的填充句子，从 8 个一组的组合中选出一个物品（如：有一种动物是……）; (9-b) 能就 10 个特性的填充句子，从 8 个一组的组合中选出一个物品（如：你找找轮子在……）; (9-c) 能就 10 个不同的关于什么的句子，从 8 个一组的组合中选出一个物品（如：你吃什么？）; (9-d) 能就 10 个不同的关于哪一个的 LRFFC 句子，从 8 个一组的组合中选出一个物品（如：哪一个会飞？）; (9-e) 能就 10 个不同的关于谁的 LRFFC 句子，从 8 个一组的组合中选出一个物品（如：谁去救火？）; (9-f) 不需要训练就能将 10  个已会的 LRFFC 反应泛化到新的连接短语上去（如：嗨！你有没有看见一个……）; (9-g) 能在不到 1 分钟内根据 10 个一组的组合而发出 10 个已会的 LRFFC 反应（流利性）","以上行为均未观察到"
"120","Level 2 (18-30月)","LRFFC(听者功能)","LRFFC 10","能够在 50%的与功能特性类别之听者反应有关的训练回合中自发地命名目标之物（如：在听到语言指令“找一个动物”并看到一个包含狗的图画的组合时，孩子能说狗）","","18-30月","是","能够在 50%的与功能特性类别之听者反应有关的训练回合中自发地命名目标之物（如：在听到语言指令“找一个动物”并看到一个包含狗的图画的组合时，孩子能说狗）","(10-a) 能对 25 个物品中的每一物品用 3 个例子表现出 LRFFC 组合的泛化（如：当被问到哪个是动物时，孩子能够选择牛，而在下一个回合时则又选择马，如此等等。）; (10-b) 能对 25 个物品中的每个物品以 3 个语言变化来表现出 LRFFC 语言的泛化（如：你坐在什么上？什么有轮子？你爸爸开的是什么？）; (10-c) 能就 10 个不同的 LRFFC 哪里的问题从 10 个一组的组合中选择物品（如：牛奶在哪里？）; (10-d) 能从 10 个一组的组合中就 10 个不同类别中的每一类选择 3 个成员（如：找一些衣服出来）; (10-e) 在得到 LRFFC 中任何一类的一个任务时，能从一本书上或自然环境中选择 50 个项目; (10-f) 未经训练就能泛化到 25 个新的双成分的 LRFFC 任务（如：你看到红色的水果吗？）; (10-g) 自发地做出 5 个 LRFFC 反应（如：在听到地上有脏东西后，去拿扫帚）","以上行为均未观察到"
"121","Level 3 (30-48月)","LRFFC(听者功能)","LRFFC 11","能够从一个含有 3 个相似刺激（如：相似的颜色、形状、或类别，但它们都是错误的选择）的 10 件物品中选择正确的目标，共完成 25 个不同的特殊疑问句和 LRFFC 任务","","30-48月","是","能够从一个含有 3 个相似刺激（如：相似的颜色、形状、或类别，但它们都是错误的选择）的 10 件物品中选择正确的目标，共完成 25 个不同的特殊疑问句和 LRFFC 任务","(11-a) 在 10 个一组的组合中选择同一类别中的 2 个物品（如：找到两个身体部位），共 25 个类别; (11-b) 对给予的任何类型的 LRFFC 任务从一本书中选择 50 个物品; (11-c) 根据任何类型的 LRFFC 任务，从自然环境或功能性活动中（如：摆餐桌）选择 50 个物品; (11-d) 根据测试或从已知反应的累计清单表明，能表现出 200 个不同的 LRFFC 反应; (11-e) 根据一个顺序里的下一步而选择一张图片（如：首先你打开浴缸的水龙头，接着你要……）共 10 个顺序; (11-f) 根据一般的时间问题，在 10 个一组的组合中选择一张图片（如：当问到，你什么时候上床？孩子选择一张夜晚的图片）共 5 次","以上行为均未观察到"
"122","Level 3 (30-48月)","LRFFC(听者功能)","LRFFC 12","根据 2 个语言成分而从书上选择目标项目，这些语言成分可以是特性（如：颜色），功能（如：用于画画的）或类别（如：衣服），总共能够选择 25 项功能特性类别任务（如：你看到一个棕色的动物吗？你能找出有纽扣的衣服吗？）","","30-48月","是","根据 2 个语言成分而从书上选择目标项目，这些语言成分可以是特性（如：颜色），功能（如：用于画画的）或类别（如：衣服），总共能够选择 25 项功能特性类别任务（如：你看到一个棕色的动物吗？你能找出有纽扣的衣服吗？）","(12-a) 根据一个颜色和类别（如：一个黄色的动物）在 10 个一组的组合中选择一个物品，共 25 件物品; (12-b) 根据一个形状和类别（如：一个圆形的食物）在 10 个一组的组合中选择一个物品，共 25 件物品; (12-c) 根据所给的一个功能（如：在上面涂色的）和类别（如：美工用品）在 10 个一组的组合中选择一个物品，共 25 个 LRFFC 任务（如：从美工橱柜里找一些可以在上面涂色的）; (12-d) 根据所给的一个特性（如：轮子、翅膀）和一个类别（如：动物、交通工具）在 10 个一组的组合中选择一个物品，共 25 个 LRFFC 任务（如：有轮子的交通工具在哪里？有翅膀的交通工具在哪里？）; (12-e) 根据所给的任何形容词（但不是颜色和形状）和功能（如：它是热的和你可以吃的……意大利面）在 10个一组的组合中选择一个物品，共 25 个 LRFFC 任务; (12-f) 根据所给的任何形容词（但不是颜色和形状）和特性（如：它是软的和有耳朵……兔子）在 10 个一组的组合中选择一个物品，共 25 个 LRFFC 任务","以上行为均未观察到"
"123","Level 3 (30-48月)","LRFFC(听者功能)","LRFFC 13","根据 3 个语言成分（如：动词、形容词、介词、代词）从书上的一页中或从自然环境中选择目标项目，总共能够选择 25 项以特殊疑问句为形式的功能特性类别任务（如：哪一种水果长在树上？）","","30-48月","是","根据 3 个语言成分（如：动词、形容词、介词、代词）从书上的一页中或从自然环境中选择目标项目，总共能够选择 25 项以特殊疑问句为形式的功能特性类别任务（如：哪一种水果长在树上？）","(13-a) 在读了一小段文章后（10 个以上的单词）根据给予的一个 LRFFC 问题（如：谁把房子吹倒了？）从书中选择一个物品; (13-b) 根据所给的一个介词和任何 LRFFC 问题（如：什么在屋顶上？）在 10 个一组的组合中选择一个物品，共25 件物品; (13-c) 根据所给的一个代词和任何 LRFFC 问题（如：哪一个玩具是他的？）在 10 个一组的组合中选择一个物品，共 25 件物品; (13-d) 根据所给的一个副词和任何 LRFFC 问题（如：哪一个动物跑得快？）在 10 个一组的组合中选择一个物品，共 25 件物品; (13-e) 在问到他们做什么时，从书中选择 10 个社区服务人员（如：当你生病时谁帮你？）; (13-f) 根据 2 个不同的类别或功能，从 10 个一组的组合中选择 2 个不同的物品（如：你能找一个水果和一块肉吗？）共 25 组; (13-g) 根据来自同一地点的 2 个物品，从 10 个一组的组合中选择一个地点（如：你买肉和面包……到商店去）共 10 个地点; (13-h) 在得到一个 LRFFC 问题时，从包含有 3 个相似刺激的自然环境中选择一个物品，共 25 个任务（如：拿可以扫地的东西、找一找可以把这个粘起来的东西）","以上行为均未观察到"
"124","Level 3 (30-48月)","LRFFC(听者功能)","LRFFC 14","根据来自一个主题的 4 个不同而又顺序的功能特性类别问题（牛住在哪里？牛吃什么？谁为牛挤奶？）而从书中或自然环境中选择正确的目标物品，总共能围绕 25 主题选择物品","","30-48月","是","根据来自一个主题的 4 个不同而又顺序的功能特性类别问题（牛住在哪里？牛吃什么？谁为牛挤奶？）而从书中或自然环境中选择正确的目标物品，总共能围绕 25 主题选择物品","(14-a) 当得到指令（如：找到所有的服装）时在 10 个一组的组合中选择这个类别中的所有物品，共 25 个类别中的各 3 个物品; (14-b) 根据何时的问题（如：你什么时候需要毛巾？）在一本书中选择一个物品，共 10 个物品; (14-c) 根据如何的问题（如：你如何去学校？）在一本书中选择一个物品，共 10 个物品; (14-d) 根据给予的一个动词加上一个介词（如：用……吃、在……吃、在……上写、用……写），在 10 个一组的组合中选择一个物品，共 25 个动词-介词组合; (14-e) 当被要求找出在 5 个一组的组合中那个不同东西（如：4 把勺子和 1 把叉子）时，选择一个物品，共 25件物品; (14-f) 当被问到图片中缺了什么？（如：汽车没有轮子、飞机没有翅膀）时，能从 10 个一组的组合中选择一个物品，共 25 个物品","以上行为均未观察到"
"125","Level 3 (30-48月)","LRFFC(听者功能)","LRFFC 15","通过测试或从已知技能清单上确定，孩子能表现出 1000 个不同的关于功能特性类别的反应","","30-48月","是","通过测试或从已知技能清单上确定，孩子能表现出 1000 个不同的关于功能特性类别的反应","(15-a) 在 10 个一组的组合中选择与往事有关的一个物品（如：你昨天去哪里了？），共 5 个事件; (15-b) 选择与未来事件有关的一个物品（如：明天要发生什么？），共 5 个事件; (15-c) 在一个 LRFFC 格式中当被问到“哪一个不能……？”时，从 10 个一组的组合中选择物品，共 10 件物品（如：哪一个不能飞？）; (15-d) 在一个 LRFFC 格式中当被问到“哪一个不是……？”时，能从 10 个一组的组合中选择一个物品（如：哪一个不是乐器？），共 25 个功能、特性、或类别; (15-e) 根据 4 个语言成分（如：动词、形容词、介词、代词）从一本书中一页或在自然环境中选择一个物品，共25 个 LRFFC 任务（如：小女孩睡在谁的床上？）","以上行为均未观察到"
"126","Level 2 (18-30月)","Intraverbal(对话)","Intraverbal 6","完成 10 个任何形式的不同填空短语（如：歌词填空、社会游戏机娱乐填空、动物或物品的声音）","","18-30月","是","完成 10 个任何形式的不同填空短语（如：歌词填空、社会游戏机娱乐填空、动物或物品的声音）","(6-a) 提供 2 种动物或物品发出的声音（如：小狗说……，喇叭的声音是……）; (6-b) 当给出动物发出的声音时，说出 2 种动物的名字（如：喵喵叫的是……）; (6-c) 填空完成 5 首不同的歌（如：轮子在……，一闪一闪……）; (6-d) 填空完成 2 句不同的包含有趣活动的话（如：老鹰抓……，预备……）","以上行为均未观察到"
"127","Level 2 (18-30月)","Intraverbal(对话)","Intraverbal 7","当别人问“你叫什么名字？”时，孩子能够说出自己的名字","","18-30月","是","当别人问“你叫什么名字？”时，孩子能够说出自己的名字","(7-a) 填空完成 5 个不同的根据语境的填空（如：他在他的床上、你睡在你的……）; (7-b) 当句子秩序转换时能正确地对 5 个根据语境的填空做出正确的反应（如：在你的床上你要……）; (7-c) 能完成 5 个不同的不根据语境的填空短语（如：你洗你的……）; (7-d) 对不同的大人和环境泛化 10 个已知的对话反应","以上行为均未观察到"
"128","Level 2 (18-30月)","Intraverbal(对话)","Intraverbal 8","完成 25 个不同的填空短语（不包括歌曲）（如：你吃……，你睡在……，鞋和……）","","18-30月","是","完成 25 个不同的填空短语（不包括歌曲）（如：你吃……，你睡在……，鞋和……）","(8-a) 完成 2 个关于吃的和 2 个关于喝的类别填空（如：你吃……，你喝……）; (8-b) 完成 5 个不同的名词-名词填空短语（如：妈妈和……）; (8-c) 用 2 个或更多的词语完成 5 首填空歌曲（如：老麦克唐纳……有一个农场）; (8-d) 将 10 个对话反应泛化到新的连接短语（如：我们拍一下……我们一起来拍一下……）","以上行为均未观察到"
"129","Level 2 (18-30月)","Intraverbal(对话)","Intraverbal 9","回答 25 个不同的关于什么的问题（如：你喜欢吃什么？）","","18-30月","是","回答 25 个不同的关于什么的问题（如：你喜欢吃什么？）","(9-a) 完成 10 个不同的动词-名词的填空短语（如：你骑……，你玩……）; (9-b) 自发地做出（没有额外的语言提示）2 个对话反应; (9-c) 回答 10 个不同的以动词作为主要辨别刺激的什么的问题（如：你刷什么？）; (9-d) 回答 10 个不同的以名词作为主要辨别刺激的什么的问题（如：什么在仓库里？）; (9-e) 当别人问到你吃（或喝）什么？时，对每一类提供 2 个或更多的答案; (9-f) 对先前学会的问题提供 5 个新的反应（反应泛化）（如：当问到一个动物的名字时，孩子在没有接受过熊的训练时能在第一回合回答熊）","以上行为均未观察到"
"130","Level 2 (18-30月)","Intraverbal(对话)","Intraverbal 10","回答 25 个不同的关于谁或哪里的问题（如：谁是你的朋友？你的枕头在哪里？）","","18-30月","是","回答 25 个不同的关于谁或哪里的问题（如：谁是你的朋友？你的枕头在哪里？）","(10-a) 回答 5 个不同的哪里的问题（如：你的视频在哪里？）; (10-b) 回答 5 个不同的谁的问题（如：谁是你的老师？）; (10-c) 表现出 2 个未经训练的对话反应（如：当某人说菊时能说花）; (10-d) 回答 10 个不同类别的问题（如：你喜欢什么动物？你喜欢什么玩具？）; (10-e) 就 10 个有形物品而回答关于颜色和名称的问题（如：这是什么？它是什么颜色？）; (10-f) 回答 10 个不同的功能的问题（如：你用牙刷干什么？）; (10-g) 自发地发出 5 个对话性提要求（如：爸爸说天气好热，孩子说我们去游泳吧）","以上行为均未观察到"
"131","Level 3 (30-48月)","Intraverbal(对话)","Intraverbal 11","自发地发出 20 个对话性的评论（这也可以是提要求的一部分）（如：爸爸说“我去开车了”，孩子自发地说“我要坐车出去”）","","30-48月","是","自发地发出 20 个对话性的评论（这也可以是提要求的一部分）（如：爸爸说“我去开车了”，孩子自发地说“我要坐车出去”）","(11-a) 完成 10 个两个成分（名词-动词）的填空（如：早餐你吃……，午餐你吃……）; (11-b) 回答 25 个两个成分的哪里的问题（如：你在哪里找到牛奶？你的推车在哪里？）; (11-c) 能回答 25 种两个成分的谁的问题（如：谁带你去学校？谁和你玩？）; (11-d) 能回答 25 个包含功能是什么的问题（如：你用蜡笔做什么？）; (11-e) 根据功能回答 25 个什么的问题（如：什么让你变干净？）; (11-f) 表现出 10 个未经训练的对话（如：在没有任何特定训练的情况下复述一个视频里发生的事）; (11-g) 仅通过命名训练就能表现出 5 个新的对话（如：电脑的命名……，爸爸有一台电脑）; (11-h) 孩子对不能回答的问题回答说我不知道","以上行为均未观察到"
"132","Level 3 (30-48月)","Intraverbal(对话)","Intraverbal 12","通过测试或从已知对话能力清单上确定，孩子能表现出 300 个不同的对话性反应","","30-48月","是","通过测试或从已知对话能力清单上确定，孩子能表现出 300 个不同的对话性反应","(12-a) 提供 10 个类别中的至少 3 个成员（如：你在操场上看到了什么？）; (12-b) 回答 25 个多重选择的问题（如：鱼生活在水里还是树上？）; (12-c) 当提供一些成员是能说出 10 个类别（如：马、牛、和猪都是……）; (12-d) 当给予特定的特性时能说出 25 个物品的名词（如：什么有轮子？）; (12-e) 当给予物品的名词时能说出 10 个物品的 2 种特性（如：消防车上有什么？）; (12-f) 对 3 个情感问题作出回答（如：什么让你伤心？什么让你快乐？）; (12-g) 对 25 个问题做出至少 3 个字以上的反应（如：当问到“你喜欢什么？”时，孩子反应“我喜欢玩汽车”）","以上行为均未观察到"
"133","Level 3 (30-48月)","Intraverbal(对话)","Intraverbal 13","当大人从书本上读了一小段（15 字以上）后，孩子能够回答 2 个问题，总共能够回应 25 小段（如：把房子吹倒了？）","","30-48月","是","当大人从书本上读了一小段（15 字以上）后，孩子能够回答 2 个问题，总共能够回应 25 小段（如：把房子吹倒了？）","(13-a) 用是或不是回答 25 个问题（如：鞋子好吃吗？）; (13-b) 描述 5 个不在视线内的地点（如：告诉我关于你的卧室？）; (13-c) 回答 25 个包含形容词的对话问题（如：你能告诉我一个大的动物吗？）; (13-d) 就刚刚阅读过的单句回答一个问题，共 10 个句子; (13-e) 正确回答“你几岁了？”的问题; (13-f) 用常规反应回答 2 个时间的问题（如：你什么时候睡觉？……在夜晚）; (13-g) 完成一个故事的顺序，共 5 个故事（如：然后三只小猪遇到了什么？）; (13-h) 进行 5 个不同的对话，每个单一的主题至少包含 3 个来回的对话交流; (13-i) 描述自己的 2 个特性（如：我有棕色的头发，我有蓝色的眼睛）","以上行为均未观察到"
"134","Level 3 (30-48月)","Intraverbal(对话)","Intraverbal 14","能够用 8 个以上的字来描绘 25 个不同的事件、视频、故事等（如：“告诉我发生了什么？”，“大家都被大妖怪吓坏了，全部逃进屋子里了”）","","30-48月","是","能够用 8 个以上的字来描绘 25 个不同的事件、视频、故事等（如：“告诉我发生了什么？”，“大家都被大妖怪吓坏了，全部逃进屋子里了”）","(14-a) 回答 25 个不同的包含 3 个或以上元素的谁，什么，或哪里的问题（如：消防车是什么颜色？）; (14-b) 对 25 个类别每个至少说出 3 个成员物品（如：你在操场上找到了什么？）; (14-c) 关于日常事件或时事回答 5 个问题（如：你和爸爸去哪？）; (14-d) 在一天中对同伴的语言问题或表述做出至少 25 次的对话反应; (14-e) 通过对以 3 种不同的形式呈现的 10 个问题每个给出同样的回答表现出泛化（如：以我的家来回答你住哪里？你的狗住哪里？和你在哪里玩？）; (14-f) 关于单一物品说 3 件事，共 25 个物品（如：这是蜡笔、它是红色的、你画画要用它）; (14-g) 说出个人信息的 3 个方面（如：你住在哪里？你哥哥叫什么名字？）; (14-h) 回答 25 个包含有介词的对话问题（如：你的床下有什么？）; (14-i) 回答 25 个包含有代词的对话问题（如：谁有棕色的狗？）; (14-j) 对 25 个顺序问题提供答案（如：你到学校后干什么？）; (14-k) 能回答 10 个什么的问题（如：你什么时候洗澡？）","以上行为均未观察到"
"135","Level 3 (30-48月)","Intraverbal(对话)","Intraverbal 15","能就 10 个主题的每一个主题回答 4 个不同而依序的特殊疑问句（如：谁带你去学校？你上哪个学校？你上学带什么东西？）","","30-48月","是","能就 10 个主题的每一个主题回答 4 个不同而依序的特殊疑问句（如：谁带你去学校？你上哪个学校？你上学带什么东西？）","(15-a) 回答 10 个关于社区服务人员的问题（如：医生干什么？）; (15-b) 回答 25 个不同的包含有 4 或以上语言部分的问题（如：你用什么工具来剪指甲？）; (15-c) 轮流对由他人开头的故事增加内容（如：然后他看见了一条船……）; (15-d) 回答 5 个不同的如何额问题（如：你怎么修这个洞？）; (15-e) 当被问到时能回答自己的姓（如：哈里森）; (15-f) 回答 25 个包含有副词的对话问题（如：什么动物走得慢？）; (15-g) 通过 3 种不同的方式描述同样的 10 个物品，事件，偏好物，人物等来表现出反应的泛化（如：关于偏好物狗托比，孩子能在不同的时候说小狗，动物，托比）; (15-h) 描述 5 件发生在过去的事件; (15-i) 描述 5 件在未来将要发生的事件; (15-j) 用至少 10 个词语概述 5 个不同的故事; (15-k) 一个问题出现时能提出一个合理的解决方案","以上行为均未观察到"
"136","Level 2 (18-30月)","Group(集体技能)","Group 6","能在集体吃点心或午饭时坐在桌边 3 分钟而没有不良行为","","18-30月","是","能在集体吃点心或午饭时坐在桌边 3 分钟而没有不良行为","(6-a) 适应与父母的分离（如：当父母离开时不哭）; (6-b) 在形体辅助下坐在餐点桌或午餐桌前 1 分钟; (6-c) 在形体辅助下与其他孩子一起排队; (6-d) 表现出对教室内所有老师助理的一般配合","以上行为均未观察到"
"137","Level 2 (18-30月)","Group(集体技能)","Group 7","只用一个口头辅助，就能够放好个人物品、排队或会走到桌子边上来","","18-30月","是","只用一个口头辅助，就能够放好个人物品、排队或会走到桌子边上来","(7-a) 当同伴在他旁边坐下时没有试图离开; (7-b) 在手势和语言辅助下把自己的个人物品放在规定的地方（如：外套、背包、午餐盒）; (7-c) 仅在语言辅助下就能够走到桌前与其他儿童坐在一起; (7-d) 在形体辅助下配合洗手; (7-e) 当同伴坐在他身边时不会对同伴做出不良行为","以上行为均未观察到"
"138","Level 2 (18-30月)","Group(集体技能)","Group 8","仅需要一次手势或语言辅助就能从一种教室活动过渡到另一种教室活动","","18-30月","是","仅需要一次手势或语言辅助就能从一种教室活动过渡到另一种教室活动","(8-a) 仅在语言辅助下就走到圆形小组中坐下; (8-b) 仅在语言辅助下就能走到桌旁或工作站旁坐下; (8-c) 坐在桌旁等待时，不触摸材料，直到得到允许才这样做; (8-d) 能坐在圆形小组中 2 分钟没有破坏行为或在辅助下保持坐好","以上行为均未观察到"
"139","Level 2 (18-30月)","Group(集体技能)","Group 9","能够在小组里坐下并达 5 分钟而没有扰乱行为或企图离开小组","","18-30月","是","能够在小组里坐下并达 5 分钟而没有扰乱行为或企图离开小组","(9-a) 仅在语言辅助下休息后进教室; (9-b) 仅在语言辅助下参与集体运动和唱歌活动（如：围着玫瑰转啊转、鸭子-鸭子 鹅、冰淇淋之歌）; (9-c) 模仿使用物品的集体活动（如：将小棒放一起、摇沙锤）; (9-d) 仅在语言辅助下在集体中唱歌（如：头、肩膀、膝盖和脚趾）","以上行为均未观察到"
"140","Level 2 (18-30月)","Group(集体技能)","Group 10","能够在小组里坐达 10 分钟，有 50%的时间能注意老师和材料、并能对老师的 5 个指令做出反应","","18-30月","是","能够在小组里坐达 10 分钟，有 50%的时间能注意老师和材料、并能对老师的 5 个指令做出反应","(10-a) 仅在语言辅助下，能将托盘或碟子放到水槽里并将垃圾放到垃圾桶里; (10-b) 仅在语言辅助下取午餐; (10-c) 在进教室时在集体指令下将背包、午餐盒或外套放到指定位置; (10-d) 独立地拿出并打开大多数餐点/午餐物品; (10-e) 在 5 分钟的上课时间里在一个小组环境里做出语言反应 2 次; (10-f) 在 5 分钟的上课时间里在小组环境中模仿同伴唱歌或活动 2 次; (10-g) 在辅助下会坐在马桶上没有不良行为，但可能不排便","以上行为均未观察到"
"141","Level 3 (30-48月)","Group(集体技能)","Group 11","仅在语言辅助下就能使用厕所并洗手","","30-48月","是","仅在语言辅助下就能使用厕所并洗手","(11-a) 坐在或站在美工或活动桌前 5 分钟而没有破坏性行为; (11-b) 没有额外的辅助对 1 个集体指令作出反应（如：大家都站起来）; (11-c) 没有辅助或强化在一个任务或活动中独立地工作 1 分钟; (11-d) 在 1 个语言辅助下走到小组前方","以上行为均未观察到"
"142","Level 3 (30-48月)","Group(集体技能)","Group 12","能在 3 个或更多孩子的小组中对 5 个不同的集体指令或问题做出反应，而不需要直接的辅助（如：全体起立，谁穿了红色的T 恤？）","","30-48月","是","能在 3 个或更多孩子的小组中对 5 个不同的集体指令或问题做出反应，而不需要直接的辅助（如：全体起立，谁穿了红色的T 恤？）","(12-a) 在集体环境中通过举手而轮流发言（如：谁想挑首歌？）; (12-b) 按设计使用教室材料（如：胶水、剪刀、蜡笔、纸张）; (12-c) 当听到辅助后能将玩具和材料放好; (12-d) 在美工活动中当大人离开桌子时维持任务 1 分钟","以上行为均未观察到"
"143","Level 3 (30-48月)","Group(集体技能)","Group 13","能够在集体中独立工作 5 分钟，并能在全过程 50%的时间内做规定的任务","","30-48月","是","能够在集体中独立工作 5 分钟，并能在全过程 50%的时间内做规定的任务","(13-a) 在语言辅助下能获得必需的材料以完成一个活动（如：拿一些胶水）; (13-b) 仅在对集体的语言辅助下能在教室活动间独立转换; (13-c) 没有直接的辅助而对集体问题作出反应（如：辛巴发生了什么事？）; (13-d) 要求使用卫生间，极少有大小便拉在身上","以上行为均未观察到"
"144","Level 3 (30-48月)","Group(集体技能)","Group 14","能在一个为时 15 分钟的包括 5 个或更多孩子的集体教学课中学会 2 个新的行为","","30-48月","是","能在一个为时 15 分钟的包括 5 个或更多孩子的集体教学课中学会 2 个新的行为","(14-a) 与同伴轮流和分享物品; (14-b) 辨别并执行两个成分的集体指令（如：所有的男生排队）; (14-c) 在教室里遵循安全规则（如：不能跑、不能推）; (14-d) 带领 2 个不同的集体活动，至少包括其他的 3 个孩子（如：红灯、绿灯游戏）; (14-e) 在集体环境里要求一个特定的活动（如：让我们玩抓人的游戏！）; (14-f) 仅在 1 个语言辅助下能协助活动后收拾","以上行为均未观察到"
"145","Level 3 (30-48月)","Group(集体技能)","Group 15","能坐在包括 5 个孩子的小组中上课达 20 分钟而没有破坏性行为，并且回答 5 个对话性问题","","30-48月","是","能坐在包括 5 个孩子的小组中上课达 20 分钟而没有破坏性行为，并且回答 5 个对话性问题","(15-a) 在室内尽管有干扰，仍能关注任务; (15-b) 没有辅助能满足他自己的一些自我照顾的需要（如：擦鼻子、穿外套）; (15-c) 在桌面集体活动中与同伴语言互动 3 次; (15-d) 没有辅助在轮流结束后回到座位坐下; (15-e) 在集体环境中不到处不当插手; (15-f) 在小组中举手表示自己知道问题的答案; (15-g) 在有 3 个儿童的桌子上没有辅助完成 2 个独立工作表; (15-h) 在学校集会上坐 20 分钟而没有破坏性行为","以上行为均未观察到"
"146","Level 2 (18-30月)","Linguistics(语言结构)","Linguistics 6","孩子表达了 10 个命名，而熟悉的大人即使没有看到孩子命名之物也能够明白孩子的意思","","18-30月","是","孩子表达了 10 个命名，而熟悉的大人即使没有看到孩子命名之物也能够明白孩子的意思","部分达到里程碑描述的标准","以上行为均未观察到"
"147","Level 2 (18-30月)","Linguistics(语言结构)","Linguistics 7","能够具有 100 个字的听者反应词汇量（如：摸鼻子、跳一下、找钥匙）","","18-30月","是","能够具有 100 个字的听者反应词汇量（如：摸鼻子、跳一下、找钥匙）","(7-a) 更频繁地使用可辨识的词语而不是自编词语; (7-b) 说出 2-3 个字组成的短语但不“理解”每一个字（如：这是一只猫，出去坐车？）; (7-c) 说的词汇量总数有 50 个（除了仿说外的所有语言反应）","以上行为均未观察到"
"148","Level 2 (18-30月)","Linguistics(语言结构)","Linguistics 8","每天发出 10 个除仿说以外的任何形式的（如：提要求、命名）两个字的短语","","18-30月","是","每天发出 10 个除仿说以外的任何形式的（如：提要求、命名）两个字的短语","(8-a) 重复提出 2 个单词的要求（如：再挠痒痒）; (8-b) 发出 2 个单词的名词-动词或动词-名词的要求或命名（如：倒果汁、宝宝哭）; (8-c) 在要求下调整音量（如：耳语和大声）; (8-d) 能仿说 10 个不同的节奏、音调或音高","以上行为均未观察到"
"149","Level 2 (18-30月)","Linguistics(语言结构)","Linguistics 9","一天内在 5 个场合发出具有功能意义（即特别有用的节奏、重音、语调）的韵律（如：像“这是我的！”这样把重音放在某个字上）","","18-30月","是","一天内在 5 个场合发出具有功能意义（即特别有用的节奏、重音、语调）的韵律（如：像“这是我的！”这样把重音放在某个字上）","(9-a) 一致地发出最初的辅音单词; (9-b) 对自己所有的物品发出 2 个单词的要求（如：我的曲奇、那是我的）; (9-c) 发出 2 个单词的关于位置的要求或命名（如：来这里、那里有托马斯）; (9-d) 发出 2 个单词的关于否定或拒绝的要求（如：不要猫国王、不要鞋子、不要更多了）; (9-e) 组合 2 个单词创造一个新的词组或短语（如：贝蒂小姐）","以上行为均未观察到"
"150","Level 2 (18-30月)","Linguistics(语言结构)","Linguistics 10","具有 300 个字的讲者词汇量（包括除仿说以外的所有语言操作元素）","","18-30月","是","具有 300 个字的讲者词汇量（包括除仿说以外的所有语言操作元素）","(10-a) 按要求仿说大多数词语或近似的词语（泛化仿说技能），但仍然有发音清晰度的错误; (10-b) 孩子说出的词语陌生人至少能理解 50%; (10-c) 总的听者词汇量有 400 个; (10-d) 表达的平均长度（MLU）为 2 个半字（如：推车、妈去哪？）","以上行为均未观察到"
"151","Level 3 (30-48月)","Linguistics(语言结构)","Linguistics 11","(此里程碑为英语语法特有项目，中文版不适用)","","30-48月","否","完全达到里程碑描述的标准","(11-a) 在一个命名或要求的连接短语中使用助（帮助性）动词（如：可以、已经、将要、能）; (11-b) 孩子在一天之内发出的短语包含几个不同的“小”字，虽没有直接教导，但似乎合乎语境（如：它、那、一、也、或、但是）; (11-c) 恰当地使用复数词（如：许多、很多、一些、几个等）; (11-d) 能确地使用不规则复数","以上行为均未观察到"
"152","Level 3 (30-48月)","Linguistics(语言结构)","Linguistics 12","(此里程碑为英语语法特有项目，中文版不适用)","","30-48月","否","完全达到里程碑描述的标准","(12-b) 使用连词来连接不同的词语和短语（如：和、或、但是）","以上行为均未观察到"
"153","Level 3 (30-48月)","Linguistics(语言结构)","Linguistics 13","能够发出 10 个不同的其中包含至少 3 个单字和 2 个修饰字（如：形容词、介词、代词）的名词词组（如：他是我的小木偶、我要巧克力冰淇淋）","","30-48月","是","能够发出 10 个不同的其中包含至少 3 个单字和 2 个修饰字（如：形容词、介词、代词）的名词词组（如：他是我的小木偶、我要巧克力冰淇淋）","(13-a) 能够说 3-5 个字的句子; (13-b) 能够发出介词短语（如：在桌子上，在屋子里），但可能不会区别相应介词（如，在……上和在……下、在……中和在……外）; (13-c) 能够用形容词修饰名词（如：蓝色的火车、巧克力口味的饼干）; (13-d) 能够在提要求、命名和对话背景中使用缩写; (13-e) 能够用代词修饰名词（如：我的鞋子、你的杯子）","以上行为均未观察到"
"154","Level 3 (30-48月)","Linguistics(语言结构)","Linguistics 14","能够发出 10 个不同的包含至少 3 个词和 2 个修饰词（如：副词、介词、代词）的动词词组（如：更重一点地推我、从台阶往上走）","","30-48月","是","能够发出 10 个不同的包含至少 3 个词和 2 个修饰词（如：副词、介词、代词）的动词词组（如：更重一点地推我、从台阶往上走）","(14-a) 在恰当的时候讲形容词放在名词之前（如：一个大的船而非船很大）; (14-b) 在人格上主语与动词一致（英文特有）; (14-c) 在数量上主语与动词一致（英文特有）; (14-e) 能用副词修饰形容词（如：快走、它是慢的）","以上行为均未观察到"
"155","Level 3 (30-48月)","Linguistics(语言结构)","Linguistics 15","能够将名词词组和动词词组连接起来从而产生 10 个不同的句法正确且其中包含至少 5 个字的句子（如：这狗舔我脸）","","30-48月","是","能够将名词词组和动词词组连接起来从而产生 10 个不同的句法正确且其中包含至少 5 个字的句子（如：这狗舔我脸）","(15-a) 能用连词连接不同的名词和动词短语（如：和、或、但是、仍然）; (15-b) 表达的平均长度为 5 个语素（在一个“句子”里有 5 个语素，其中每个语素有一个独立的意义）; (15-c) 代词与性别的一致（如：这男孩往他自己身上浇水）; (15-d) 代词与数量的一致; (15-e) 在句子中使用频率副词（如：经常、从不、有时）; (15-f) 能在句子中用指示代词（如：这个、那个、这些、那些）; (15-g) 用一些词描述另一些词的确定性（融、我认为……、我确定……、可能）","以上行为均未观察到"
"156","Level 3 (30-48月)","Reading(阅读)","Reading 11","当大人为孩子读书时孩子能有 75%的时间注意书籍（TO：3 分钟）","","30-48月","是","当大人为孩子读书时孩子能有 75%的时间注意书籍（TO：3 分钟）","(11-a) 能翻页和看书达 30 秒（TO：30 秒）; (11-b) 能要求读书中的故事; (11-c) 能指认书中与故事对应的图片（如：大灰狼在哪里？）","以上行为均未观察到"
"157","Level 3 (30-48月)","Reading(阅读)","Reading 12","能够从 5 个字母的组合中选择正确的大写字母，共能选择 10 不同的字母（区别性听者技能）","","30-48月","是","能够从 5 个字母的组合中选择正确的大写字母，共能选择 10 不同的字母（区别性听者技能）","(12-a) 没有辅助完成 ABC 嵌入式拼图; (12-b) 有一个开始时的辅助即可朗读字母表中的 5 个字母（如：AB……）; (12-c) 有一本最喜欢的书，通过看封面上的图片能说出书的名字; (12-d) 在大人读故事时命名书中的图片; (12-e) 能将所有的大写字母与样本配对","以上行为均未观察到"
"158","Level 3 (30-48月)","Reading(阅读)","Reading 13","能在听到指令后命名 10 个大写字母","","30-48月","是","能在听到指令后命名 10 个大写字母","(13-a) 仅在一个语言要求这么做时背诵（或唱诵）整个字母表; (13-b) 要求知道所写单词的意思（如：那是什么单词？）; (13-c) 假装读一本书; (13-d) 作为一个听者（LDs）能从书写的 3 个名字的组合中辨别他自己的名字; (13-e) 在给他读故事时看书写的文字，而不仅仅是看图片","以上行为均未观察到"
"159","Level 3 (30-48月)","Reading(阅读)","Reading 14","能够读自己的名字","","30-48月","是","能够读自己的名字","(14-a) 能辨别大多数大写字母（但可能会混淆一些；如：M 和 N、P 和R）; (14-b) 将 5 个字卡与书写在纸上的相同的字配对; (14-c) 当听到 5 个读音能说出字母的名字，当听到字母的名字时能给予 5 个读音; (14-d) 对话回忆 3 个给他读过的故事; (14-e) 对 3 个大写字母的不同变化表现出听者辨别和命名的泛化","以上行为均未观察到"
"160","Level 3 (30-48月)","Reading(阅读)","Reading 15","能完成 5 个词语和一个数目为 5 的组合中相应图片或实物的配对，反之同理（如：能够将一个书写的鸟字与一张鸟的图片配对）","","30-48月","是","能完成 5 个词语和一个数目为 5 的组合中相应图片或实物的配对，反之同理（如：能够将一个书写的鸟字与一张鸟的图片配对）","(15-a) 表示 2 个单词示范押韵，共 10 个不同的韵律（如：猫和帽或、猫和书）; (15-b) 能命名大多数大写字母（但可能会混淆一些；如：M 和 N、P 和R）; (15-c) 能将 10 个小写字母与大写字母配对; (15-d) 作为一个听者在数字和字母之间进行辨别（如：哪一个是字母？）; (15-e) 没有辅助写自己的名字; (15-f) 在 3 个一组的文字组合中正确选择（LDs）文字，共 5 不同的文字","以上行为均未观察到"
"161","Level 3 (30-48月)","Writing(书写)","Writing 11","在大人书写工具和书写平面进行示范时，孩子能够模仿 5 个不同的书写动作","","30-48月","是","在大人书写工具和书写平面进行示范时，孩子能够模仿 5 个不同的书写动作","(11-a) 在辅助下使用书写工具在纸上、白板上或神奇画板上涂鸦; (11-b) 能独立地在纸上、白板或神奇画板上涂鸦; (11-c) 表现出左利手或右利手; (11-d) 用蜡笔、记号笔或铅笔模仿来回地水平移动; (11-e) 用蜡笔、记号笔或铅笔模仿上下垂直移动; (11-f) 用蜡笔、记号笔或铅笔模仿小的和大的圆周移动; (11-g) 用蜡笔、记号笔或铅笔模仿斜线和曲线移动","以上行为均未观察到"
"162","Level 3 (30-48月)","Writing(书写)","Writing 12","能独立的描摹 5 不同的几何图形（如：圆圈、方块、三角形、长方形、五角星）并且描线与原线间距离不大于 1/4 英寸","","30-48月","是","能独立的描摹 5 不同的几何图形（如：圆圈、方块、三角形、长方形、五角星）并且描线与原线间距离不大于 1/4 英寸","(12-a) 能适当地抓握书写工具; (12-b) 能模仿画正方形和三角形; (12-c) 能在线的 1 英寸内摹写 3 个不同的形状; (12-d) 当给予一个样本时能仿画 3 个不同的形状; (12-e) 在一个 6 英寸的弧线的中心 1 英寸之内从 A 点到 B 点画一条线; (12-f) 能复制 5 个不同的在一起的线和形状","以上行为均未观察到"
"163","Level 3 (30-48月)","Writing(书写)","Writing 13","能够仿写 10 个端正可读的字母或数字","","30-48月","是","能够仿写 10 个端正可读的字母或数字","(13-a) 能仿写 4 个数字或字母; (13-b) 独立地将形状组合成一幅画（大人的语言辅助是可以的）; (13-c) 独立地画一个人，有 4 个可辨认的身体部位（大人的语言辅助是可以的）; (13-d) 在一张纸上摹写他自己的名字保持在原文字的 1/2 英寸内","以上行为均未观察到"
"164","Level 3 (30-48月)","Writing(书写)","Writing 14","能够拼写而不是仿写自己的可以辨认的名字","","30-48月","是","能够拼写而不是仿写自己的可以辨认的名字","(14-a) 在横格纸上清楚地仿写他自己的名字; (14-b) 在涂色本的图片里涂色，多半保持在线内; (14-c) 在横格纸上清楚地仿写 1~10 的数字; (14-d) 在横格纸上清楚地仿写 10 个大写字母和 10 个小写字母","以上行为均未观察到"
"165","Level 3 (30-48月)","Writing(书写)","Writing 15","仿写 26 个大小写字母达到可以辨读的程度","","30-48月","是","仿写 26 个大小写字母达到可以辨读的程度","(15-a) 画出可辨认的 3 个不同物品的图画; (15-b) 在口述时清楚地写 10 个字母或数字; (15-c) 清楚地仿写 5 个简单的词语","以上行为均未观察到"
"166","Level 3 (30-48月)","Math(算术)","Math 11","从听者的角度在一个包含 5 个不同数字的组合中确认 1~5 的数字","","30-48月","是","从听者的角度在一个包含 5 个不同数字的组合中确认 1~5 的数字","(11-a) 在开始时的语言辅助下死记硬背地数到 5; (11-b) 从小到大排列物品（如：小积木、中积木和大积木）; (11-c) 作为听者在 1 个和 2 个物品间辨别（如：2 条船在哪里？）; (11-d) 作为提要求在 1 个和 2 个物品间辨别（如：我要 2 块饼干）; (11-e) 对 1~10 的数字样本进行配对（如：把数字 4 和数字 4 放一起）","以上行为均未观察到"
"167","Level 3 (30-48月)","Math(算术)","Math 12","命名 1~5 的数字","","30-48月","是","命名 1~5 的数字","(12-a) 作为命名在 1 个和 2 个物品之间进行辨别（如：你有几只鞋？）; (12-b) 做出与数字 1~5 对应的手势（如：给我看 2 个手指）; (12-c) 作为听者在 1 个、2 个和 3 个物品之间进行辨别（如：你能找到 3 朵花吗？）; (12-d) 能 1 对 1 地点数 2 个物品","以上行为均未观察到"
"168","Level 3 (30-48月)","Math(算术)","Math 13","能从一大堆东西中把 1~5 的东西按数取物（如：给我 4 辆车，好再给我两辆车）","","30-48月","是","能从一大堆东西中把 1~5 的东西按数取物（如：给我 4 辆车，好再给我两辆车）","(13-a) 当被询问时说出年龄; (13-b) 在“有多少？”的语言辅助下大声数出 3 个物品以及相关的物品套组; (13-c) 作为听者（LDs）识别物品的数量（如：哪张图片有 2 辆车？）; (13-d) 表现出从 1~3 的点数能力（最后的重点放在正确的数目）","以上行为均未观察到"
"169","Level 3 (30-48月)","Math(算术)","Math 14","从听者的角度确认 8 个包括衡量的比较（如：给我看多的或少的、大的或小的、长的或短的，满的或空的，大声的或轻声的）","","30-48月","是","从听者的角度确认 8 个包括衡量的比较（如：给我看多的或少的、大的或小的、长的或短的，满的或空的，大声的或轻声的）","(14-a) 正确地命名 1~3 个物品的总数，如“1”、“2”和“3”（如：这里有多少？）; (14-b) 辨认（LDs）一批物品与一个对照组谁多谁少; (14-c) 辨认（LDs）容器的是满杯还是空; (14-d) 辨认（LDs）一个物品与一个对照物谁大谁小; (14-e) 辨认（LDs）一个物品与一个对照物谁长谁段","以上行为均未观察到"
"170","Level 3 (30-48月)","Math(算术)","Math 15","能够在从 1~5 的数字中正确地将一个书写数字与一定的数量和一定数量与一个书写数字相配对（如：将 3的数字与一张画有 3 辆卡车的图画相配对）","","30-48月","是","能够在从 1~5 的数字中正确地将一个书写数字与一定的数量和一定数量与一个书写数字相配对（如：将 3的数字与一张画有 3 辆卡车的图画相配对）","(15-a) 根据规定数量执行一个动作，最多为 5（如：拍 3 下手）; (15-b) 完成包含 2 个元素的顺序或模型（如：红-绿；红-绿……）; (15-c) 正确辨别（LDs）顺序术语“第一”和“最后”; (15-d) 正确辨别（LDs）和命名上午时间和晚上时间; (15-e) 对 1~9 的下一个数字是什么作出反应对话; (15-f) 正确辨识（LDs）3 种不同的硬币，对钱是用来干什么的作出对话性陈述","以上行为均未观察到"
